2026-10-07 14:59:57.743 Df (AppleIntelICLLPGraphicsFramebuffer) [IGFB][INFO ][DISPLAY   ] ProAudio - Starting FB driver
2026-10-07 14:59:57.743 Df (AppleIntelICLLPGraphicsFramebuffer) [IGFB][LOG  ][DISPLAY   ] VRRTimeStampConfig status - fUseVBL = 0, fLegacyVBLPath = 0, fNotifyCalculatedTimestamp = 1, fReturnFromGamma = 0
2026-10-07 14:59:57.743 Df (AppleIntelICLLPGraphicsFramebuffer) [IGFB][LOG  ][DISPLAY   ] IsVRRSupported = 1
2026-10-07 14:59:57.743 Df (AppleIntelICLLPGraphicsFramebuffer) [IGFB][LOG  ][DISPLAY   ] IsHDMI_2_1Supported = 0
2026-10-07 14:59:57.743 Df (AppleIntelICLLPGraphicsFramebuffer) [IGFB][LOG  ][DISPLAY   ] IsHDMIVRRSupported = 0
2026-10-07 14:59:57.745 Df (AppleIntelICLLPGraphicsFramebuffer) [IGFB][ERROR][DISPLAY   ] Insufficient stolen memory
2026-10-07 14:59:57.745 Df (AppleIntelICLLPGraphicsFramebuffer) [IGFB][LOG  ][DISPLAY   ] CD clock reference frequency = 2
2026-10-07 14:59:57.747 Df (AppleIntelICLLPGraphicsFramebuffer) [IGFB][LOG  ][DISPLAY   ] CD Clock PLL is locked
2026-10-07 14:59:57.748 Df (AppleIntelICLLPGraphicsFramebuffer) [IGFB][ERROR][POWER_WELL] EFI should not enable PG4 power well - overriding
2026-10-07 14:59:57.749 Df (AppleIntelICLLPGraphicsFramebuffer) [IGFB][LOG  ][DISPLAY   ] PathIndex = 0, pipe = A
2026-10-07 14:59:57.749 Df (AppleIntelICLLPGraphicsFramebuffer) [IGFB][LOG  ][DISPLAY   ] PathIndex = 1, pipe = B
2026-10-07 14:59:57.749 Df (AppleIntelICLLPGraphicsFramebuffer) [IGFB][LOG  ][DISPLAY   ] PathIndex = 2, pipe = C
2026-10-07 14:59:57.749 Df (AppleIntelICLLPGraphicsFramebuffer) [IGFB][LOG  ][DISPLAY   ] Registering for addFrameBufferNotificationWithOptions :: GroupID = 16 Event = 801 fb is 0
2026-10-07 14:59:57.749 Df (AppleIntelICLLPGraphicsFramebuffer) [IGFB][LOG  ][DISPLAY   ] Registering for addFrameBufferNotificationWithOptions :: GroupID = 16 Event = 801 fb is 1
2026-10-07 14:59:57.749 Df (AppleIntelICLLPGraphicsFramebuffer) [IGFB][LOG  ][DISPLAY   ] Registering for addFrameBufferNotificationWithOptions :: GroupID = 16 Event = 801 fb is 2
2026-10-07 14:59:57.749 Df (AppleIntelICLLPGraphicsFramebuffer) [IGFB][LOG  ][DISPLAY   ] FB1: Boot pipe found - DDI0, pipe A
2026-10-07 14:59:57.749 Df (AppleIntelICLLPGraphicsFramebuffer) [IGFB][LOG  ][DISPLAY   ] Boot plane config: enable 1 pipe gamma enable 0 source pixel format 8 pipe csc 0 tiling 0
2026-10-07 14:59:57.749 Df (AppleIntelICLLPGraphicsFramebuffer) [IGFB][LOG  ][DISPLAY   ] Boot plane size: 1919 x 1279
2026-10-07 14:59:57.749 Df (AppleIntelICLLPGraphicsFramebuffer) [IGFB][LOG  ][DISPLAY   ] FB1: Commiting resource set
2026-10-07 14:59:57.749 Df (AppleIntelICLLPGraphicsFramebuffer) [IGFB][LOG  ][DISPLAY   ] FB1: Commiting resource set, sleepState 2.
2026-10-07 14:59:57.750 Df (AppleIntelICLLPGraphicsFramebuffer) [IGFB][ERROR][GTPM_SLICESWITCH] : Invalid fRingTables, check if AGPM driver is loaded
2026-10-07 14:59:57.753 Df (AppleIntelICLLPGraphicsFramebuffer) [IGFB][LOG  ][DISPLAY   ] Value read from Mailbox for MEM_SS_INFO = 0x443
2026-10-07 14:59:57.753 Df (AppleIntelICLLPGraphicsFramebuffer) [IGFB][LOG  ][DISPLAY   ] RAM = 0x3
2026-10-07 14:59:57.753 Df (AppleIntelICLLPGraphicsFramebuffer) [IGFB][LOG  ][DISPLAY   ] Populated Channels = 0x4
2026-10-07 14:59:57.753 Df (AppleIntelICLLPGraphicsFramebuffer) [IGFB][LOG  ][DISPLAY   ] Number of GV points = 0x4
2026-10-07 14:59:57.758 Df (AppleIntelICLLPGraphicsFramebuffer) [IGFB][LOG  ][DISPLAY   ] At index (plane) 0 h24_maxplanes = 7
2026-10-07 14:59:57.758 Df (AppleIntelICLLPGraphicsFramebuffer) [IGFB][LOG  ][DISPLAY   ] At Sagv point 0 and for number of planes(0) totalbw = 7560
2026-10-07 14:59:57.758 Df (AppleIntelICLLPGraphicsFramebuffer) [IGFB][LOG  ][DISPLAY   ] At Sagv point 1 and for number of planes(0) totalbw = 7600
2026-10-07 14:59:57.758 Df (AppleIntelICLLPGraphicsFramebuffer) [IGFB][LOG  ][DISPLAY   ] At Sagv point 2 and for number of planes(0) totalbw = 7618
2026-10-07 14:59:57.758 Df (AppleIntelICLLPGraphicsFramebuffer) [IGFB][LOG  ][DISPLAY   ] At Sagv point 3 and for number of planes(0) totalbw = 7618
2026-10-07 14:59:57.758 Df (AppleIntelICLLPGraphicsFramebuffer) [IGFB][LOG  ][DISPLAY   ] At index (plane) 1 h24_maxplanes = 3
2026-10-07 14:59:57.758 Df (AppleIntelICLLPGraphicsFramebuffer) [IGFB][LOG  ][DISPLAY   ] At Sagv point 0 and for number of planes(1) totalbw = 12285
2026-10-07 14:59:57.758 Df (AppleIntelICLLPGraphicsFramebuffer) [IGFB][LOG  ][DISPLAY   ] At Sagv point 1 and for number of planes(1) totalbw = 14455
2026-10-07 14:59:57.758 Df (AppleIntelICLLPGraphicsFramebuffer) [IGFB][LOG  ][DISPLAY   ] At Sagv point 2 and for number of planes(1) totalbw = 15237
2026-10-07 14:59:57.758 Df (AppleIntelICLLPGraphicsFramebuffer) [IGFB][LOG  ][DISPLAY   ] At Sagv point 3 and for number of planes(1) totalbw = 15237
2026-10-07 14:59:57.758 Df (AppleIntelICLLPGraphicsFramebuffer) [IGFB][LOG  ][DISPLAY   ] At index (plane) 2 h24_maxplanes = 1
2026-10-07 14:59:57.758 Df (AppleIntelICLLPGraphicsFramebuffer) [IGFB][LOG  ][DISPLAY   ] At Sagv point 0 and for number of planes(2) totalbw = 17550
2026-10-07 14:59:57.758 Df (AppleIntelICLLPGraphicsFramebuffer) [IGFB][LOG  ][DISPLAY   ] At Sagv point 1 and for number of planes(2) totalbw = 22007
2026-10-07 14:59:57.758 Df (AppleIntelICLLPGraphicsFramebuffer) [IGFB][LOG  ][DISPLAY   ] At Sagv point 2 and for number of planes(2) totalbw = 24883
2026-10-07 14:59:57.758 Df (AppleIntelICLLPGraphicsFramebuffer) [IGFB][LOG  ][DISPLAY   ] At Sagv point 3 and for number of planes(2) totalbw = 24883
2026-10-07 14:59:57.758 Df (AppleIntelICLLPGraphicsFramebuffer) [IGFB][LOG  ][DISPLAY   ] At index (plane) 3 h24_maxplanes = 0
2026-10-07 14:59:57.758 Df (AppleIntelICLLPGraphicsFramebuffer) [IGFB][LOG  ][DISPLAY   ] At Sagv point 0 and for number of planes(3) totalbw = 22338
2026-10-07 14:59:57.758 Df (AppleIntelICLLPGraphicsFramebuffer) [IGFB][LOG  ][DISPLAY   ] At Sagv point 1 and for number of planes(3) totalbw = 25000
2026-10-07 14:59:57.758 Df (AppleIntelICLLPGraphicsFramebuffer) [IGFB][LOG  ][DISPLAY   ] At Sagv point 2 and for number of planes(3) totalbw = 25000
2026-10-07 14:59:57.758 Df (AppleIntelICLLPGraphicsFramebuffer) [IGFB][LOG  ][DISPLAY   ] At Sagv point 3 and for number of planes(3) totalbw = 25000
2026-10-07 14:59:57.758 Df (AppleIntelICLLPGraphicsFramebuffer) [IGFB][LOG  ][DISPLAY   ] At index (plane) 4 h24_maxplanes = 134217727
2026-10-07 14:59:57.758 Df (AppleIntelICLLPGraphicsFramebuffer) [IGFB][LOG  ][DISPLAY   ] At Sagv point 0 and for number of planes(4) totalbw = 25000
2026-10-07 14:59:57.758 Df (AppleIntelICLLPGraphicsFramebuffer) [IGFB][LOG  ][DISPLAY   ] At Sagv point 1 and for number of planes(4) totalbw = 25000
2026-10-07 14:59:57.758 Df (AppleIntelICLLPGraphicsFramebuffer) [IGFB][LOG  ][DISPLAY   ] At Sagv point 2 and for number of planes(4) totalbw = 25000
2026-10-07 14:59:57.758 Df (AppleIntelICLLPGraphicsFramebuffer) [IGFB][LOG  ][DISPLAY   ] At Sagv point 3 and for number of planes(4) totalbw = 25000
2026-10-07 14:59:57.758 Df (AppleIntelICLLPGraphicsFramebuffer) [IGFB][LOG  ][DISPLAY   ] At index (plane) 5 h24_maxplanes = 67108863
2026-10-07 14:59:57.758 Df (AppleIntelICLLPGraphicsFramebuffer) [IGFB][LOG  ][DISPLAY   ] At Sagv point 0 and for number of planes(5) totalbw = 25000
2026-10-07 14:59:57.758 Df (AppleIntelICLLPGraphicsFramebuffer) [IGFB][LOG  ][DISPLAY   ] At Sagv point 1 and for number of planes(5) totalbw = 25000
2026-10-07 14:59:57.758 Df (AppleIntelICLLPGraphicsFramebuffer) [IGFB][LOG  ][DISPLAY   ] At Sagv point 2 and for number of planes(5) totalbw = 25000
2026-10-07 14:59:57.758 Df (AppleIntelICLLPGraphicsFramebuffer) [IGFB][LOG  ][DISPLAY   ] At Sagv point 3 and for number of planes(5) totalbw = 25000
2026-10-07 14:59:57.783 Df (AppleIntelICLLPGraphicsFramebuffer) [IGFB][INFO ][DEFAULT   ] Duty Cycle Enabled.
2026-10-07 14:59:57.788 Df (AppleIntelICLLPGraphicsFramebuffer) [IGFB][INFO ][GTPM_SLEEPWAKE] initForPM - fGPUIsAwake init to 1
2026-10-07 14:59:57.790 Df (AppleIntelICLLPGraphicsFramebuffer) [IGFB][LOG  ][POWER     ] External power connected
2026-10-07 14:59:57.790 Df (AppleIntelICLLPGraphicsFramebuffer) [IGFB][LOG  ][VRR       ] FB1: IsVRRSupported = 1 IsASFUSupported = 0 IsPairingSupported = 0 IsRampSupported = 0 IsBurstModeSupported = 0 IsTimingStampSupported = 1
2026-10-07 14:59:57.790 Df (AppleIntelICLLPGraphicsFramebuffer) [IGFB][LOG  ][POWER     ] External power connected
2026-10-07 14:59:57.791 Df (AppleIntelICLLPGraphicsFramebuffer) [IGFB][LOG  ][VRR       ] FB2: IsVRRSupported = 1 IsASFUSupported = 0 IsPairingSupported = 0 IsRampSupported = 0 IsBurstModeSupported = 0 IsTimingStampSupported = 1
2026-10-07 14:59:57.791 Df (AppleIntelICLLPGraphicsFramebuffer) [IGFB][LOG  ][POWER     ] External power connected
2026-10-07 14:59:57.791 Df (AppleIntelICLLPGraphicsFramebuffer) [IGFB][LOG  ][AGDC      ] Vendor info
2026-10-07 14:59:57.791 Df (AppleIntelICLLPGraphicsFramebuffer) [IGFB][LOG  ][AGDC      ] Get GPU caps
2026-10-07 14:59:57.791 Df (AppleIntelICLLPGraphicsFramebuffer) [IGFB][LOG  ][AGDC      ] Vendor info
2026-10-07 14:59:57.850 Df (AppleIntelICLLPGraphicsFramebuffer) [IGFB][LOG  ][AGDC      ] Vendor info
2026-10-07 14:59:57.850 Df (AppleIntelICLLPGraphicsFramebuffer) [IGFB][LOG  ][AGDC      ] Get GPU caps
2026-10-07 14:59:57.850 Df (AppleIntelICLLPGraphicsFramebuffer) [IGFB][LOG  ][AGDC      ] Get GPU caps
2026-10-07 14:59:57.850 Df (AppleIntelICLLPGraphicsFramebuffer) [IGFB][LOG  ][AGDC      ] Get port caps
2026-10-07 14:59:57.850 Df (AppleIntelICLLPGraphicsFramebuffer) [IGFB][LOG  ][DISPLAY   ] Getting port caps for port -1
2026-10-07 14:59:57.850 Df (AppleIntelICLLPGraphicsFramebuffer) [IGFB][LOG  ][AGDC      ] Vendor info
2026-10-07 14:59:57.850 Df (AppleIntelICLLPGraphicsFramebuffer) [IGFB][LOG  ][AGDC      ] Register AGDC callback
2026-10-07 14:59:57.850 Df (AppleIntelICLLPGraphicsFramebuffer) [IGFB][LOG  ][AGDC      ] Enable controller
2026-10-07 15:00:05.541 Df (AppleIntelICLLPGraphicsFramebuffer) [IGFB][LOG  ][DISPLAY   ] frameBufferNotificationcallback notification received on Fb 0 at time 29303278
2026-10-07 15:00:05.541 Df (AppleIntelICLLPGraphicsFramebuffer) [IGFB][LOG  ][DISPLAY   ] kIOFBNotifyDisplayModeWillChange notification received on fb 0
2026-10-07 15:00:05.541 Df (AppleIntelICLLPGraphicsFramebuffer) [IGFB][LOG  ][DISPLAY   ] TxnHang1: FB0: FrameBufferNotificationCallback received. Event = 1. fTransactionState = kTransComplete, fLiveState = kTransLive
2026-10-07 15:00:05.541 Df (AppleIntelICLLPGraphicsFramebuffer) [IGFB][LOG  ][DISPLAY   ] ProAudio register PMRoot callback
2026-10-07 15:00:05.549 Df (AppleIntelICLLPGraphicsFramebuffer) [IGFB][LOG  ][PANEL     ] [key:0x080/on:1] fPSREnablekeys: 0x00000a5d -> 0x00000add (fullset:0x00001fff)
2026-10-07 15:00:05.549 Df (AppleIntelICLLPGraphicsFramebuffer) [IGFB][LOG  ][PANEL     ] [key:0x400/on:1] fPSREnablekeys: 0x00000add -> 0x00000edd (fullset:0x00001fff)
2026-10-07 15:00:05.549 Df (AppleIntelICLLPGraphicsFramebuffer) [IGFB][ERROR][PANEL     ] TCON: Aux not ready at HW
2026-10-07 15:00:05.549 Df (AppleIntelICLLPGraphicsFramebuffer) [IGFB][ERROR][PANEL     ] TCON: BAN_DPCD_0x0_EXPECTED failed, got 41c20a14
2026-10-07 15:00:05.550 Df (AppleIntelICLLPGraphicsFramebuffer) [IGFB][INFO ][DISPLAY   ] Setting the fClosedclamshell to true and calling connectionChanged()
2026-10-07 15:00:05.550 Df (AppleIntelICLLPGraphicsFramebuffer) [IGFB][INFO ][VRR       ] Registering for VBL Interrupt - fLegacyVBLPath = 0, Proc = IOG Handler!!
2026-10-07 15:00:05.551 Df (AppleIntelICLLPGraphicsFramebuffer) [IGFB][LOG  ][DISPLAY   ] frameBufferNotificationcallback notification received on Fb 1 at time 29312546
2026-10-07 15:00:05.551 Df (AppleIntelICLLPGraphicsFramebuffer) [IGFB][LOG  ][DISPLAY   ] kIOFBNotifyDisplayModeWillChange notification received on fb 1
2026-10-07 15:00:05.552 Df (AppleIntelICLLPGraphicsFramebuffer) [IGFB][LOG  ][DISPLAY   ] Reporting Fake VBL for pipe 0 on Fb 1
2026-10-07 15:00:05.552 Df (AppleIntelICLLPGraphicsFramebuffer) [IGFB][LOG  ][DISPLAY   ] FB1: Online info for DDI = 0, PortType = 0
2026-10-07 15:00:05.561 Df (AppleIntelICLLPGraphicsFramebuffer) [IGFB][LOG  ][DPCD      ] DPCD_REV: 1.4
2026-10-07 15:00:05.562 Df (AppleIntelICLLPGraphicsFramebuffer) [IGFB][LOG  ][DPCD      ] MAX_LINK_RATE: 0XA
2026-10-07 15:00:05.562 Df (AppleIntelICLLPGraphicsFramebuffer) [IGFB][LOG  ][DPCD      ] MAX_LANE_COUNT: 2
2026-10-07 15:00:05.562 Df (AppleIntelICLLPGraphicsFramebuffer) [IGFB][LOG  ][DPCD      ] TP3 Supported: 1
2026-10-07 15:00:05.562 Df (AppleIntelICLLPGraphicsFramebuffer) [IGFB][LOG  ][DPCD      ] TP4 Supported: 0
2026-10-07 15:00:05.562 Df (AppleIntelICLLPGraphicsFramebuffer) [IGFB][LOG  ][DPCD      ] Enhanced Framing: 1
2026-10-07 15:00:05.562 Df (AppleIntelICLLPGraphicsFramebuffer) [IGFB][LOG  ][DPCD      ] Does NOT require AUX CH handshake?: 1
2026-10-07 15:00:05.562 Df (AppleIntelICLLPGraphicsFramebuffer) [IGFB][LOG  ][DPCD      ] Number of Receive Ports: 1
2026-10-07 15:00:05.562 Df (AppleIntelICLLPGraphicsFramebuffer) [IGFB][LOG  ][DPCD      ] Has downstream Port(s): 0
2026-10-07 15:00:05.562 Df (AppleIntelICLLPGraphicsFramebuffer) [IGFB][LOG  ][DPCD      ] Downstream detailed capability available: 1
2026-10-07 15:00:05.562 Df (AppleIntelICLLPGraphicsFramebuffer) [IGFB][LOG  ][DPCD      ] Has Main Link channel ANSI coding: 1
2026-10-07 15:00:05.562 Df (AppleIntelICLLPGraphicsFramebuffer) [IGFB][LOG  ][DPCD      ] Number of downstream ports: 0
2026-10-07 15:00:05.562 Df (AppleIntelICLLPGraphicsFramebuffer) [IGFB][LOG  ][DPCD      ] OUI Supported?: 1
2026-10-07 15:00:05.562 Df (AppleIntelICLLPGraphicsFramebuffer) [IGFB][LOG  ][DPCD      ] DDI=0 MSATimingParamsIgnoreSupport = 0
2026-10-07 15:00:05.562 Df (AppleIntelICLLPGraphicsFramebuffer) [IGFB][LOG  ][DPCD      ] MST Capable: 0
2026-10-07 15:00:05.563 Df (AppleIntelICLLPGraphicsFramebuffer) [IGFB][LOG  ][DPCD      ] Sink Count 1
2026-10-07 15:00:05.563 Df (AppleIntelICLLPGraphicsFramebuffer) [IGFB][LOG  ][DPCD      ] eDP Configuration 3
2026-10-07 15:00:05.563 Df (AppleIntelICLLPGraphicsFramebuffer) [IGFB][LOG  ][DPCD      ] Link Training Interval 0
2026-10-07 15:00:05.563 Df (AppleIntelICLLPGraphicsFramebuffer) [IGFB][LOG  ][DPCD      ] fDPCDParams.DSCSinkCap.FECSupport 0
2026-10-07 15:00:05.563 Df (AppleIntelICLLPGraphicsFramebuffer) [IGFB][LOG  ][DISPLAY   ] FB1: fIsHDMI = 0, fEnableAudio = 0, newOnline = 1, fOnline = 1, fMaxPixelClock = 720000000
2026-10-07 15:00:05.563 Df (AppleIntelICLLPGraphicsFramebuffer) [IGFB][LOG  ][DISPLAY   ] FB1: newOnline: 1, fOnline: 1
2026-10-07 15:00:05.563 Df (AppleIntelICLLPGraphicsFramebuffer) [IGFB][LOG  ][DISPLAY   ] FB1: edid != fEDID
2026-10-07 15:00:05.563 Df (AppleIntelICLLPGraphicsFramebuffer) [IGFB][LOG  ][VRR       ] FB1: Indicate VRR Support in TimingRange
2026-10-07 15:00:05.563 Df (AppleIntelICLLPGraphicsFramebuffer) [IGFB][ERROR][DISPLAY   ] FB1: Invalid port type
2026-10-07 15:00:05.564 Df (AppleIntelICLLPGraphicsFramebuffer) [IGFB][INFO ][VRR       ] Registering for VBL Interrupt - fLegacyVBLPath = 0, Proc = IOG Handler!!
2026-10-07 15:00:05.575 Df (AppleIntelICLLPGraphicsFramebuffer) [IGFB][LOG  ][DISPLAY   ] frameBufferNotificationcallback notification received on Fb 1 at time 29336440
2026-10-07 15:00:05.575 Df (AppleIntelICLLPGraphicsFramebuffer) [IGFB][LOG  ][DISPLAY   ] kIOFBNotifyDisplayModeDidChange notification received on fb 1
2026-10-07 15:00:05.576 Df (AppleIntelICLLPGraphicsFramebuffer) [IGFB][LOG  ][DISPLAY   ] Reporting Fake VBL for pipe 0 on Fb 1
2026-10-07 15:00:05.577 Df (AppleIntelICLLPGraphicsFramebuffer) [IGFB][LOG  ][DISPLAY   ] frameBufferNotificationcallback notification received on Fb 2 at time 29338878
2026-10-07 15:00:05.577 Df (AppleIntelICLLPGraphicsFramebuffer) [IGFB][LOG  ][DISPLAY   ] kIOFBNotifyDisplayModeWillChange notification received on fb 2
2026-10-07 15:00:05.577 Df (AppleIntelICLLPGraphicsFramebuffer) [IGFB][LOG  ][DISPLAY   ] TxnHang1: FB2: FrameBufferNotificationCallback received. Event = 1. fTransactionState = kTransComplete, fLiveState = kTransLive
2026-10-07 15:00:05.577 Df (AppleIntelICLLPGraphicsFramebuffer) [IGFB][LOG  ][AGDC      ] Get callback caps
2026-10-07 15:00:05.577 Df (AppleIntelICLLPGraphicsFramebuffer) [IGFB][LOG  ][AGDC      ] Get link config
2026-10-07 15:00:05.577 Df (AppleIntelICLLPGraphicsFramebuffer) [IGFB][LOG  ][DISPLAY   ] AGDC FB0 fOnline = 0 bootdisplay = 0
2026-10-07 15:00:05.577 Df (AppleIntelICLLPGraphicsFramebuffer) [IGFB][LOG  ][DISPLAY   ] FB0 reported as online to AGDC
2026-10-07 15:00:05.577 Df (AppleIntelICLLPGraphicsFramebuffer) [IGFB][LOG  ][AGDC      ] Test resource set config
2026-10-07 15:00:05.577 Df (AppleIntelICLLPGraphicsFramebuffer) [IGFB][LOG  ][DISPLAY   ] FB0: Testing resource set config
2026-10-07 15:00:05.577 Df (AppleIntelICLLPGraphicsFramebuffer) [IGFB][LOG  ][DISPLAY   ] FB0: set[0] is single-link
2026-10-07 15:00:05.577 Df (AppleIntelICLLPGraphicsFramebuffer) [IGFB][LOG  ][AGDC      ] Commit resource set config
2026-10-07 15:00:05.577 Df (AppleIntelICLLPGraphicsFramebuffer) [IGFB][LOG  ][DISPLAY   ] FB0: Commiting resource set
2026-10-07 15:00:05.577 Df (AppleIntelICLLPGraphicsFramebuffer) [IGFB][LOG  ][DISPLAY   ] FB0: Commiting resource set, sleepState 2.
2026-10-07 15:00:05.577 Df (AppleIntelICLLPGraphicsFramebuffer) [IGFB][ERROR][DISPLAY   ] FB0: Display path resource allocation failed for single-link
2026-10-07 15:00:05.577 Df (AppleIntelICLLPGraphicsFramebuffer) [IGFB][ERROR][DISPLAY   ] Wrong index
2026-10-07 15:00:05.577 Df (AppleIntelICLLPGraphicsFramebuffer) [IGFB][ERROR][DISPLAY   ] FB0: Resources allocation failed
2026-10-07 15:00:05.577 Df (AppleIntelICLLPGraphicsFramebuffer) [IGFB][LOG  ][AGDC      ] Get link config
2026-10-07 15:00:05.577 Df (AppleIntelICLLPGraphicsFramebuffer) [IGFB][LOG  ][DISPLAY   ] AGDC FB1 fOnline = 1 bootdisplay = 1
2026-10-07 15:00:05.577 Df (AppleIntelICLLPGraphicsFramebuffer) [IGFB][LOG  ][DISPLAY   ] FB1 reported as online to AGDC
2026-10-07 15:00:05.703 Df (AppleIntelICLLPGraphicsFramebuffer) [IGFB][LOG  ][AGDC      ] Test resource set config
2026-10-07 15:00:05.703 Df (AppleIntelICLLPGraphicsFramebuffer) [IGFB][LOG  ][DISPLAY   ] FB1: Testing resource set config
2026-10-07 15:00:05.703 Df (AppleIntelICLLPGraphicsFramebuffer) [IGFB][LOG  ][DISPLAY   ] FB1: set[0] is single-link
2026-10-07 15:00:05.703 Df (AppleIntelICLLPGraphicsFramebuffer) [IGFB][LOG  ][AGDC      ] Commit resource set config
2026-10-07 15:00:05.703 Df (AppleIntelICLLPGraphicsFramebuffer) [IGFB][LOG  ][DISPLAY   ] FB1: Commiting resource set
2026-10-07 15:00:05.703 Df (AppleIntelICLLPGraphicsFramebuffer) [IGFB][LOG  ][DISPLAY   ] FB1: Commiting resource set, sleepState 2.
2026-10-07 15:00:05.703 Df (AppleIntelICLLPGraphicsFramebuffer) [IGFB][LOG  ][AGDC      ] Get link config
2026-10-07 15:00:05.703 Df (AppleIntelICLLPGraphicsFramebuffer) [IGFB][LOG  ][DISPLAY   ] AGDC FB2 fOnline = 0 bootdisplay = 0
2026-10-07 15:00:05.703 Df (AppleIntelICLLPGraphicsFramebuffer) [IGFB][INFO ][VRR       ] Registering for VBL Interrupt - fLegacyVBLPath = 0, Proc = IOG Handler!!
2026-10-07 15:00:05.703 Df (AppleIntelICLLPGraphicsFramebuffer) [IGFB][LOG  ][DISPLAY   ] frameBufferNotificationcallback notification received on Fb 2 at time 29465034
2026-10-07 15:00:05.703 Df (AppleIntelICLLPGraphicsFramebuffer) [IGFB][LOG  ][DISPLAY   ] kIOFBNotifyDisplayModeDidChange notification received on fb 2
2026-10-07 15:00:05.703 Df (AppleIntelICLLPGraphicsFramebuffer) [IGFB][LOG  ][DISPLAY   ] TxnHang1: FB2: FrameBufferNotificationCallback received. Event = 2. fTransactionState = kTransComplete, fLiveState = kTransLive
2026-10-07 15:00:05.703 Df (AppleIntelICLLPGraphicsFramebuffer) [IGFB][LOG  ][DISPLAY   ] frameBufferNotificationcallback notification received on Fb 0 at time 29465124
2026-10-07 15:00:05.703 Df (AppleIntelICLLPGraphicsFramebuffer) [IGFB][LOG  ][DISPLAY   ] kIOFBNotifyDisplayModeDidChange notification received on fb 0
2026-10-07 15:00:05.703 Df (AppleIntelICLLPGraphicsFramebuffer) [IGFB][LOG  ][DISPLAY   ] TxnHang1: FB0: FrameBufferNotificationCallback received. Event = 2. fTransactionState = kTransComplete, fLiveState = kTransLive
2026-10-07 15:00:10.180 Df (AppleIntelICLLPGraphicsFramebuffer) [IGFB][LOG  ][ASMF      ] doCmdAction called - cmd:205
2026-10-07 15:00:10.192 Df (AppleIntelICLLPGraphicsFramebuffer) [IGFB][LOG  ][AGDC      ] Vendor info
2026-10-07 15:00:10.193 Df (AppleIntelICLLPGraphicsFramebuffer) [IGFB][LOG  ][AGDC      ] Vendor info
2026-10-07 15:00:10.193 Df (AppleIntelICLLPGraphicsFramebuffer) [IGFB][LOG  ][AGDC      ] Get GPU caps
2026-10-07 15:00:10.194 Df (AppleIntelICLLPGraphicsFramebuffer) [IGFB][LOG  ][AGDC      ] Vendor info
2026-10-07 15:00:10.206 Df (AppleIntelICLLPGraphicsFramebuffer) [IGFB][LOG  ][DISPLAY   ] getCurrentDisplayMode: FB=1 fCurrentMode = 0xfffffffb fCurrentDepth = 0, fBootDisplay = 1.
2026-10-07 15:00:10.206 Df (AppleIntelICLLPGraphicsFramebuffer) [IGFB][LOG  ][DISPLAY   ] Setting current mode to 0xfffffffb and depth=0, bPortraitMode 0, bAnotherRun 0.
2026-10-07 15:00:10.206 Df (AppleIntelICLLPGraphicsFramebuffer) [IGFB][LOG  ][VDT       ] FB1: Requesting VDT: Online:1 Mode:0 Depth:1 Active:1920x1280 Scaled:0x0 PixelClock:164250000 ScalerFlags:0 SignalConfig:0 Requested pixel encoding 1 Colorimetry 1 dynamic range 1
2026-10-07 15:00:10.206 Df (AppleIntelICLLPGraphicsFramebuffer) [IGFB][LOG  ][VDT       ] FB1: Online:1 Detailed timing validated by AGDC (response = 0x2)
2026-10-07 15:00:10.206 Df (AppleIntelICLLPGraphicsFramebuffer) [IGFB][LOG  ][VDT       ] FB1: Online:1 Mode:0 Depth:1 Active:1920x1280 Scaled:0x0 PixelClock:164250000 ScalerFlags:0 SignalConfig:0: Requested pixel encoding 1 dynamic range 1
2026-10-07 15:00:10.206 Df (AppleIntelICLLPGraphicsFramebuffer) [IGFB][LOG  ][VDT       ] FB1: fEnablePlaneRotation = 1, fittable = 1
2026-10-07 15:00:10.206 Df (AppleIntelICLLPGraphicsFramebuffer) [IGFB][LOG  ][VDT       ] FB1: Requesting VDT: Online:1 Mode:0 Depth:1 Active:1920x1280 Scaled:0x0 PixelClock:131400000 ScalerFlags:0 SignalConfig:0 Requested pixel encoding 1 Colorimetry 1 dynamic range 1
2026-10-07 15:00:10.206 Df (AppleIntelICLLPGraphicsFramebuffer) [IGFB][LOG  ][VDT       ] FB1: Online:1 Detailed timing validated by AGDC (response = 0x2)
2026-10-07 15:00:10.206 Df (AppleIntelICLLPGraphicsFramebuffer) [IGFB][LOG  ][VDT       ] FB1: Online:1 Mode:0 Depth:1 Active:1920x1280 Scaled:0x0 PixelClock:131400000 ScalerFlags:0 SignalConfig:0: Requested pixel encoding 1 dynamic range 1
2026-10-07 15:00:10.206 Df (AppleIntelICLLPGraphicsFramebuffer) [IGFB][LOG  ][VDT       ] FB1: fEnablePlaneRotation = 1, fittable = 1
2026-10-07 15:00:10.206 Df (AppleIntelICLLPGraphicsFramebuffer) [IGFB][LOG  ][VDT       ] FB1: Requesting VDT: Online:1 Mode:0x80001000 Depth:1 Active:1920x1280 Scaled:960x640 PixelClock:164250000 ScalerFlags:0 SignalConfig:0 Requested pixel encoding 1 Colorimetry 1 dynamic range 1
2026-10-07 15:00:10.206 Df (AppleIntelICLLPGraphicsFramebuffer) [IGFB][LOG  ][VDT       ] FB1: Online:1 Detailed timing validated by AGDC (response = 0x2)
2026-10-07 15:00:10.206 Df (AppleIntelICLLPGraphicsFramebuffer) [IGFB][LOG  ][VDT       ] FB1: Online:1 Mode:0x80001000 Depth:1 Active:1920x1280 Scaled:960x640 PixelClock:164250000 ScalerFlags:0 SignalConfig:0: Requested pixel encoding 1 dynamic range 1
2026-10-07 15:00:10.206 Df (AppleIntelICLLPGraphicsFramebuffer) [IGFB][LOG  ][VDT       ] FB1: fEnablePlaneRotation = 1, fittable = 1
2026-10-07 15:00:10.206 Df (AppleIntelICLLPGraphicsFramebuffer) [IGFB][LOG  ][VDT       ] FB1: Requesting VDT: Online:1 Mode:0x80001000 Depth:1 Active:1920x1280 Scaled:640x480 PixelClock:164250000 ScalerFlags:0 SignalConfig:0 Requested pixel encoding 1 Colorimetry 1 dynamic range 1
2026-10-07 15:00:10.206 Df (AppleIntelICLLPGraphicsFramebuffer) [IGFB][LOG  ][VDT       ] FB1: Online:1 Detailed timing validated by AGDC (response = 0x2)
2026-10-07 15:00:10.206 Df (AppleIntelICLLPGraphicsFramebuffer) [IGFB][LOG  ][VDT       ] FB1: Online:1 Mode:0x80001000 Depth:1 Active:1920x1280 Scaled:640x480 PixelClock:164250000 ScalerFlags:0 SignalConfig:0: Requested pixel encoding 1 dynamic range 1
2026-10-07 15:00:10.206 Df (AppleIntelICLLPGraphicsFramebuffer) [IGFB][LOG  ][VDT       ] FB1: fEnablePlaneRotation = 1, fittable = 1
2026-10-07 15:00:10.206 Df (AppleIntelICLLPGraphicsFramebuffer) [IGFB][LOG  ][VDT       ] FB1: Requesting VDT: Online:1 Mode:0x80001000 Depth:1 Active:1920x1280 Scaled:800x600 PixelClock:164250000 ScalerFlags:0 SignalConfig:0 Requested pixel encoding 1 Colorimetry 1 dynamic range 1
2026-10-07 15:00:10.206 Df (AppleIntelICLLPGraphicsFramebuffer) [IGFB][LOG  ][VDT       ] FB1: Online:1 Detailed timing validated by AGDC (response = 0x2)
2026-10-07 15:00:10.206 Df (AppleIntelICLLPGraphicsFramebuffer) [IGFB][LOG  ][VDT       ] FB1: Online:1 Mode:0x80001000 Depth:1 Active:1920x1280 Scaled:800x600 PixelClock:164250000 ScalerFlags:0 SignalConfig:0: Requested pixel encoding 1 dynamic range 1
2026-10-07 15:00:10.206 Df (AppleIntelICLLPGraphicsFramebuffer) [IGFB][LOG  ][VDT       ] FB1: fEnablePlaneRotation = 1, fittable = 1
2026-10-07 15:00:10.206 Df (AppleIntelICLLPGraphicsFramebuffer) [IGFB][LOG  ][VDT       ] FB1: Requesting VDT: Online:1 Mode:0x80001000 Depth:1 Active:1920x1280 Scaled:800x534 PixelClock:164250000 ScalerFlags:0 SignalConfig:0 Requested pixel encoding 1 Colorimetry 1 dynamic range 1
2026-10-07 15:00:10.206 Df (AppleIntelICLLPGraphicsFramebuffer) [IGFB][LOG  ][VDT       ] FB1: Online:1 Detailed timing validated by AGDC (response = 0x2)
2026-10-07 15:00:10.206 Df (AppleIntelICLLPGraphicsFramebuffer) [IGFB][LOG  ][VDT       ] FB1: Online:1 Mode:0x80001000 Depth:1 Active:1920x1280 Scaled:800x534 PixelClock:164250000 ScalerFlags:0 SignalConfig:0: Requested pixel encoding 1 dynamic range 1
2026-10-07 15:00:10.206 Df (AppleIntelICLLPGraphicsFramebuffer) [IGFB][LOG  ][VDT       ] FB1: fEnablePlaneRotation = 1, fittable = 1
2026-10-07 15:00:10.206 Df (AppleIntelICLLPGraphicsFramebuffer) [IGFB][LOG  ][VDT       ] FB1: Requesting VDT: Online:1 Mode:0x80001000 Depth:1 Active:1920x1280 Scaled:1024x768 PixelClock:164250000 ScalerFlags:0 SignalConfig:0 Requested pixel encoding 1 Colorimetry 1 dynamic range 1
2026-10-07 15:00:10.206 Df (AppleIntelICLLPGraphicsFramebuffer) [IGFB][LOG  ][VDT       ] FB1: Online:1 Detailed timing validated by AGDC (response = 0x2)
2026-10-07 15:00:10.206 Df (AppleIntelICLLPGraphicsFramebuffer) [IGFB][LOG  ][VDT       ] FB1: Online:1 Mode:0x80001000 Depth:1 Active:1920x1280 Scaled:1024x768 PixelClock:164250000 ScalerFlags:0 SignalConfig:0: Requested pixel encoding 1 dynamic range 1
2026-10-07 15:00:10.206 Df (AppleIntelICLLPGraphicsFramebuffer) [IGFB][LOG  ][VDT       ] FB1: fEnablePlaneRotation = 1, fittable = 1
2026-10-07 15:00:10.206 Df (AppleIntelICLLPGraphicsFramebuffer) [IGFB][LOG  ][VDT       ] FB1: Requesting VDT: Online:1 Mode:0x80001000 Depth:1 Active:1920x1280 Scaled:1024x682 PixelClock:164250000 ScalerFlags:0 SignalConfig:0 Requested pixel encoding 1 Colorimetry 1 dynamic range 1
2026-10-07 15:00:10.206 Df (AppleIntelICLLPGraphicsFramebuffer) [IGFB][LOG  ][VDT       ] FB1: Online:1 Detailed timing validated by AGDC (response = 0x2)
2026-10-07 15:00:10.206 Df (AppleIntelICLLPGraphicsFramebuffer) [IGFB][LOG  ][VDT       ] FB1: Online:1 Mode:0x80001000 Depth:1 Active:1920x1280 Scaled:1024x682 PixelClock:164250000 ScalerFlags:0 SignalConfig:0: Requested pixel encoding 1 dynamic range 1
2026-10-07 15:00:10.206 Df (AppleIntelICLLPGraphicsFramebuffer) [IGFB][LOG  ][VDT       ] FB1: fEnablePlaneRotation = 1, fittable = 1
2026-10-07 15:00:10.206 Df (AppleIntelICLLPGraphicsFramebuffer) [IGFB][LOG  ][VDT       ] FB1: Requesting VDT: Online:1 Mode:0x80001000 Depth:1 Active:1920x1280 Scaled:1280x720 PixelClock:164250000 ScalerFlags:0 SignalConfig:0 Requested pixel encoding 1 Colorimetry 1 dynamic range 1
2026-10-07 15:00:10.206 Df (AppleIntelICLLPGraphicsFramebuffer) [IGFB][LOG  ][VDT       ] FB1: Online:1 Detailed timing validated by AGDC (response = 0x2)
2026-10-07 15:00:10.206 Df (AppleIntelICLLPGraphicsFramebuffer) [IGFB][LOG  ][VDT       ] FB1: Online:1 Mode:0x80001000 Depth:1 Active:1920x1280 Scaled:1280x720 PixelClock:164250000 ScalerFlags:0 SignalConfig:0: Requested pixel encoding 1 dynamic range 1
2026-10-07 15:00:10.206 Df (AppleIntelICLLPGraphicsFramebuffer) [IGFB][LOG  ][VDT       ] FB1: fEnablePlaneRotation = 1, fittable = 1
2026-10-07 15:00:10.206 Df (AppleIntelICLLPGraphicsFramebuffer) [IGFB][LOG  ][VDT       ] FB1: Requesting VDT: Online:1 Mode:0x80001000 Depth:1 Active:1920x1280 Scaled:1280x960 PixelClock:164250000 ScalerFlags:0 SignalConfig:0 Requested pixel encoding 1 Colorimetry 1 dynamic range 1
2026-10-07 15:00:10.206 Df (AppleIntelICLLPGraphicsFramebuffer) [IGFB][LOG  ][VDT       ] FB1: Online:1 Detailed timing validated by AGDC (response = 0x2)
2026-10-07 15:00:10.206 Df (AppleIntelICLLPGraphicsFramebuffer) [IGFB][LOG  ][VDT       ] FB1: Online:1 Mode:0x80001000 Depth:1 Active:1920x1280 Scaled:1280x960 PixelClock:164250000 ScalerFlags:0 SignalConfig:0: Requested pixel encoding 1 dynamic range 1
2026-10-07 15:00:10.206 Df (AppleIntelICLLPGraphicsFramebuffer) [IGFB][LOG  ][VDT       ] FB1: fEnablePlaneRotation = 1, fittable = 1
2026-10-07 15:00:10.206 Df (AppleIntelICLLPGraphicsFramebuffer) [IGFB][LOG  ][VDT       ] FB1: Requesting VDT: Online:1 Mode:0x80001000 Depth:1 Active:1920x1280 Scaled:1280x854 PixelClock:164250000 ScalerFlags:0 SignalConfig:0 Requested pixel encoding 1 Colorimetry 1 dynamic range 1
2026-10-07 15:00:10.206 Df (AppleIntelICLLPGraphicsFramebuffer) [IGFB][LOG  ][VDT       ] FB1: Online:1 Detailed timing validated by AGDC (response = 0x2)
2026-10-07 15:00:10.206 Df (AppleIntelICLLPGraphicsFramebuffer) [IGFB][LOG  ][VDT       ] FB1: Online:1 Mode:0x80001000 Depth:1 Active:1920x1280 Scaled:1280x854 PixelClock:164250000 ScalerFlags:0 SignalConfig:0: Requested pixel encoding 1 dynamic range 1
2026-10-07 15:00:10.206 Df (AppleIntelICLLPGraphicsFramebuffer) [IGFB][LOG  ][VDT       ] FB1: fEnablePlaneRotation = 1, fittable = 1
2026-10-07 15:00:10.206 Df (AppleIntelICLLPGraphicsFramebuffer) [IGFB][LOG  ][VDT       ] FB1: Requesting VDT: Online:1 Mode:0x80001000 Depth:1 Active:1920x1280 Scaled:1344x1008 PixelClock:164250000 ScalerFlags:0 SignalConfig:0 Requested pixel encoding 1 Colorimetry 1 dynamic range 1
2026-10-07 15:00:10.206 Df (AppleIntelICLLPGraphicsFramebuffer) [IGFB][LOG  ][VDT       ] FB1: Online:1 Detailed timing validated by AGDC (response = 0x2)
2026-10-07 15:00:10.206 Df (AppleIntelICLLPGraphicsFramebuffer) [IGFB][LOG  ][VDT       ] FB1: Online:1 Mode:0x80001000 Depth:1 Active:1920x1280 Scaled:1344x1008 PixelClock:164250000 ScalerFlags:0 SignalConfig:0: Requested pixel encoding 1 dynamic range 1
2026-10-07 15:00:10.206 Df (AppleIntelICLLPGraphicsFramebuffer) [IGFB][LOG  ][VDT       ] FB1: fEnablePlaneRotation = 1, fittable = 1
2026-10-07 15:00:10.206 Df (AppleIntelICLLPGraphicsFramebuffer) [IGFB][LOG  ][VDT       ] FB1: Requesting VDT: Online:1 Mode:0x80001000 Depth:1 Active:1920x1280 Scaled:1344x896 PixelClock:164250000 ScalerFlags:0 SignalConfig:0 Requested pixel encoding 1 Colorimetry 1 dynamic range 1
2026-10-07 15:00:10.206 Df (AppleIntelICLLPGraphicsFramebuffer) [IGFB][LOG  ][VDT       ] FB1: Online:1 Detailed timing validated by AGDC (response = 0x2)
2026-10-07 15:00:10.206 Df (AppleIntelICLLPGraphicsFramebuffer) [IGFB][LOG  ][VDT       ] FB1: Online:1 Mode:0x80001000 Depth:1 Active:1920x1280 Scaled:1344x896 PixelClock:164250000 ScalerFlags:0 SignalConfig:0: Requested pixel encoding 1 dynamic range 1
2026-10-07 15:00:10.206 Df (AppleIntelICLLPGraphicsFramebuffer) [IGFB][LOG  ][VDT       ] FB1: fEnablePlaneRotation = 1, fittable = 1
2026-10-07 15:00:10.206 Df (AppleIntelICLLPGraphicsFramebuffer) [IGFB][LOG  ][VDT       ] FB1: Requesting VDT: Online:1 Mode:0x80001000 Depth:1 Active:1920x1280 Scaled:1440x900 PixelClock:164250000 ScalerFlags:0 SignalConfig:0 Requested pixel encoding 1 Colorimetry 1 dynamic range 1
2026-10-07 15:00:10.206 Df (AppleIntelICLLPGraphicsFramebuffer) [IGFB][LOG  ][VDT       ] FB1: Online:1 Detailed timing validated by AGDC (response = 0x2)
2026-10-07 15:00:10.206 Df (AppleIntelICLLPGraphicsFramebuffer) [IGFB][LOG  ][VDT       ] FB1: Online:1 Mode:0x80001000 Depth:1 Active:1920x1280 Scaled:1440x900 PixelClock:164250000 ScalerFlags:0 SignalConfig:0: Requested pixel encoding 1 dynamic range 1
2026-10-07 15:00:10.206 Df (AppleIntelICLLPGraphicsFramebuffer) [IGFB][LOG  ][VDT       ] FB1: fEnablePlaneRotation = 1, fittable = 1
2026-10-07 15:00:10.206 Df (AppleIntelICLLPGraphicsFramebuffer) [IGFB][LOG  ][VDT       ] FB1: Requesting VDT: Online:1 Mode:0x80001000 Depth:1 Active:1920x1280 Scaled:1680x1050 PixelClock:164250000 ScalerFlags:0 SignalConfig:0 Requested pixel encoding 1 Colorimetry 1 dynamic range 1
2026-10-07 15:00:10.206 Df (AppleIntelICLLPGraphicsFramebuffer) [IGFB][LOG  ][VDT       ] FB1: Online:1 Detailed timing validated by AGDC (response = 0x2)
2026-10-07 15:00:10.206 Df (AppleIntelICLLPGraphicsFramebuffer) [IGFB][LOG  ][VDT       ] FB1: Online:1 Mode:0x80001000 Depth:1 Active:1920x1280 Scaled:1680x1050 PixelClock:164250000 ScalerFlags:0 SignalConfig:0: Requested pixel encoding 1 dynamic range 1
2026-10-07 15:00:10.206 Df (AppleIntelICLLPGraphicsFramebuffer) [IGFB][LOG  ][VDT       ] FB1: fEnablePlaneRotation = 1, fittable = 1
2026-10-07 15:00:10.206 Df (AppleIntelICLLPGraphicsFramebuffer) [IGFB][LOG  ][VDT       ] FB1: Requesting VDT: Online:1 Mode:0x80001000 Depth:1 Active:1920x1280 Scaled:1600x1200 PixelClock:164250000 ScalerFlags:0 SignalConfig:0 Requested pixel encoding 1 Colorimetry 1 dynamic range 1
2026-10-07 15:00:10.206 Df (AppleIntelICLLPGraphicsFramebuffer) [IGFB][LOG  ][VDT       ] FB1: Online:1 Detailed timing validated by AGDC (response = 0x2)
2026-10-07 15:00:10.206 Df (AppleIntelICLLPGraphicsFramebuffer) [IGFB][LOG  ][VDT       ] FB1: Online:1 Mode:0x80001000 Depth:1 Active:1920x1280 Scaled:1600x1200 PixelClock:164250000 ScalerFlags:0 SignalConfig:0: Requested pixel encoding 1 dynamic range 1
2026-10-07 15:00:10.206 Df (AppleIntelICLLPGraphicsFramebuffer) [IGFB][LOG  ][VDT       ] FB1: fEnablePlaneRotation = 1, fittable = 1
2026-10-07 15:00:10.206 Df (AppleIntelICLLPGraphicsFramebuffer) [IGFB][LOG  ][VDT       ] FB1: Requesting VDT: Online:1 Mode:0x80001000 Depth:1 Active:1920x1280 Scaled:1600x1066 PixelClock:164250000 ScalerFlags:0 SignalConfig:0 Requested pixel encoding 1 Colorimetry 1 dynamic range 1
2026-10-07 15:00:10.206 Df (AppleIntelICLLPGraphicsFramebuffer) [IGFB][LOG  ][VDT       ] FB1: Online:1 Detailed timing validated by AGDC (response = 0x2)
2026-10-07 15:00:10.206 Df (AppleIntelICLLPGraphicsFramebuffer) [IGFB][LOG  ][VDT       ] FB1: Online:1 Mode:0x80001000 Depth:1 Active:1920x1280 Scaled:1600x1066 PixelClock:164250000 ScalerFlags:0 SignalConfig:0: Requested pixel encoding 1 dynamic range 1
2026-10-07 15:00:10.206 Df (AppleIntelICLLPGraphicsFramebuffer) [IGFB][LOG  ][VDT       ] FB1: fEnablePlaneRotation = 1, fittable = 1
2026-10-07 15:00:10.206 Df (AppleIntelICLLPGraphicsFramebuffer) [IGFB][LOG  ][VDT       ] FB1: Requesting VDT: Online:1 Mode:0x80001000 Depth:1 Active:1920x1280 Scaled:1920x1080 PixelClock:164250000 ScalerFlags:0 SignalConfig:0 Requested pixel encoding 1 Colorimetry 1 dynamic range 1
2026-10-07 15:00:10.206 Df (AppleIntelICLLPGraphicsFramebuffer) [IGFB][LOG  ][VDT       ] FB1: Online:1 Detailed timing validated by AGDC (response = 0x2)
2026-10-07 15:00:10.206 Df (AppleIntelICLLPGraphicsFramebuffer) [IGFB][LOG  ][VDT       ] FB1: Online:1 Mode:0x80001000 Depth:1 Active:1920x1280 Scaled:1920x1080 PixelClock:164250000 ScalerFlags:0 SignalConfig:0: Requested pixel encoding 1 dynamic range 1
2026-10-07 15:00:10.206 Df (AppleIntelICLLPGraphicsFramebuffer) [IGFB][LOG  ][VDT       ] FB1: fEnablePlaneRotation = 1, fittable = 1
2026-10-07 15:00:10.206 Df (AppleIntelICLLPGraphicsFramebuffer) [IGFB][LOG  ][VDT       ] FB1: Requesting VDT: Online:1 Mode:0x80001000 Depth:1 Active:1920x1280 Scaled:1920x1200 PixelClock:164250000 ScalerFlags:0 SignalConfig:0 Requested pixel encoding 1 Colorimetry 1 dynamic range 1
2026-10-07 15:00:10.206 Df (AppleIntelICLLPGraphicsFramebuffer) [IGFB][LOG  ][VDT       ] FB1: Online:1 Detailed timing validated by AGDC (response = 0x2)
2026-10-07 15:00:10.206 Df (AppleIntelICLLPGraphicsFramebuffer) [IGFB][LOG  ][VDT       ] FB1: Online:1 Mode:0x80001000 Depth:1 Active:1920x1280 Scaled:1920x1200 PixelClock:164250000 ScalerFlags:0 SignalConfig:0: Requested pixel encoding 1 dynamic range 1
2026-10-07 15:00:10.206 Df (AppleIntelICLLPGraphicsFramebuffer) [IGFB][LOG  ][VDT       ] FB1: fEnablePlaneRotation = 1, fittable = 1
2026-10-07 15:00:10.206 Df (AppleIntelICLLPGraphicsFramebuffer) [IGFB][LOG  ][VDT       ] FB1: Requesting VDT: Online:1 Mode:0x80001000 Depth:1 Active:1920x1280 Scaled:2560x1440 PixelClock:164250000 ScalerFlags:0 SignalConfig:0 Requested pixel encoding 1 Colorimetry 1 dynamic range 1
2026-10-07 15:00:10.206 Df (AppleIntelICLLPGraphicsFramebuffer) [IGFB][LOG  ][VDT       ] FB1: Online:1 Detailed timing validated by AGDC (response = 0x2)
2026-10-07 15:00:10.206 Df (AppleIntelICLLPGraphicsFramebuffer) [IGFB][LOG  ][VDT       ] FB1: Online:1 Mode:0x80001000 Depth:1 Active:1920x1280 Scaled:2560x1440 PixelClock:164250000 ScalerFlags:0 SignalConfig:0: Requested pixel encoding 1 dynamic range 1
2026-10-07 15:00:10.206 Df (AppleIntelICLLPGraphicsFramebuffer) [IGFB][LOG  ][VDT       ] FB1: fEnablePlaneRotation = 1, fittable = 1
2026-10-07 15:00:10.206 Df (AppleIntelICLLPGraphicsFramebuffer) [IGFB][LOG  ][VDT       ] FB1: Requesting VDT: Online:1 Mode:0x80001000 Depth:1 Active:1920x1280 Scaled:2560x1600 PixelClock:164250000 ScalerFlags:0 SignalConfig:0 Requested pixel encoding 1 Colorimetry 1 dynamic range 1
2026-10-07 15:00:10.206 Df (AppleIntelICLLPGraphicsFramebuffer) [IGFB][LOG  ][VDT       ] FB1: Online:1 Detailed timing validated by AGDC (response = 0x2)
2026-10-07 15:00:10.206 Df (AppleIntelICLLPGraphicsFramebuffer) [IGFB][LOG  ][VDT       ] FB1: Online:1 Mode:0x80001000 Depth:1 Active:1920x1280 Scaled:2560x1600 PixelClock:164250000 ScalerFlags:0 SignalConfig:0: Requested pixel encoding 1 dynamic range 1
2026-10-07 15:00:10.206 Df (AppleIntelICLLPGraphicsFramebuffer) [IGFB][LOG  ][VDT       ] FB1: fEnablePlaneRotation = 1, fittable = 1
2026-10-07 15:00:10.206 Df (AppleIntelICLLPGraphicsFramebuffer) [IGFB][LOG  ][VDT       ] FB1: Requesting VDT: Online:1 Mode:0x80001000 Depth:1 Active:1920x1280 Scaled:1920x1080 PixelClock:164250000 ScalerFlags:0 SignalConfig:0 Requested pixel encoding 1 Colorimetry 1 dynamic range 1
2026-10-07 15:00:10.206 Df (AppleIntelICLLPGraphicsFramebuffer) [IGFB][LOG  ][VDT       ] FB1: Online:1 Detailed timing validated by AGDC (response = 0x2)
2026-10-07 15:00:10.206 Df (AppleIntelICLLPGraphicsFramebuffer) [IGFB][LOG  ][VDT       ] FB1: Online:1 Mode:0x80001000 Depth:1 Active:1920x1280 Scaled:1920x1080 PixelClock:164250000 ScalerFlags:0 SignalConfig:0: Requested pixel encoding 1 dynamic range 1
2026-10-07 15:00:10.206 Df (AppleIntelICLLPGraphicsFramebuffer) [IGFB][LOG  ][VDT       ] FB1: fEnablePlaneRotation = 1, fittable = 1
2026-10-07 15:00:10.206 Df (AppleIntelICLLPGraphicsFramebuffer) [IGFB][LOG  ][VDT       ] FB1: Requesting VDT: Online:1 Mode:0x80001001 Depth:1 Active:1920x1280 Scaled:960x640 PixelClock:131400000 ScalerFlags:0 SignalConfig:0 Requested pixel encoding 1 Colorimetry 1 dynamic range 1
2026-10-07 15:00:10.206 Df (AppleIntelICLLPGraphicsFramebuffer) [IGFB][LOG  ][VDT       ] FB1: Online:1 Detailed timing validated by AGDC (response = 0x2)
2026-10-07 15:00:10.206 Df (AppleIntelICLLPGraphicsFramebuffer) [IGFB][LOG  ][VDT       ] FB1: Online:1 Mode:0x80001001 Depth:1 Active:1920x1280 Scaled:960x640 PixelClock:131400000 ScalerFlags:0 SignalConfig:0: Requested pixel encoding 1 dynamic range 1
2026-10-07 15:00:10.206 Df (AppleIntelICLLPGraphicsFramebuffer) [IGFB][LOG  ][VDT       ] FB1: fEnablePlaneRotation = 1, fittable = 1
2026-10-07 15:00:10.207 Df (AppleIntelICLLPGraphicsFramebuffer) [IGFB][LOG  ][VDT       ] FB1: Requesting VDT: Online:1 Mode:0x80001001 Depth:1 Active:1920x1280 Scaled:640x480 PixelClock:131400000 ScalerFlags:0 SignalConfig:0 Requested pixel encoding 1 Colorimetry 1 dynamic range 1
2026-10-07 15:00:10.207 Df (AppleIntelICLLPGraphicsFramebuffer) [IGFB][LOG  ][VDT       ] FB1: Online:1 Detailed timing validated by AGDC (response = 0x2)
2026-10-07 15:00:10.207 Df (AppleIntelICLLPGraphicsFramebuffer) [IGFB][LOG  ][VDT       ] FB1: Online:1 Mode:0x80001001 Depth:1 Active:1920x1280 Scaled:640x480 PixelClock:131400000 ScalerFlags:0 SignalConfig:0: Requested pixel encoding 1 dynamic range 1
2026-10-07 15:00:10.207 Df (AppleIntelICLLPGraphicsFramebuffer) [IGFB][LOG  ][VDT       ] FB1: fEnablePlaneRotation = 1, fittable = 1
2026-10-07 15:00:10.207 Df (AppleIntelICLLPGraphicsFramebuffer) [IGFB][LOG  ][VDT       ] FB1: Requesting VDT: Online:1 Mode:0x80001001 Depth:1 Active:1920x1280 Scaled:800x600 PixelClock:131400000 ScalerFlags:0 SignalConfig:0 Requested pixel encoding 1 Colorimetry 1 dynamic range 1
2026-10-07 15:00:10.207 Df (AppleIntelICLLPGraphicsFramebuffer) [IGFB][LOG  ][VDT       ] FB1: Online:1 Detailed timing validated by AGDC (response = 0x2)
2026-10-07 15:00:10.207 Df (AppleIntelICLLPGraphicsFramebuffer) [IGFB][LOG  ][VDT       ] FB1: Online:1 Mode:0x80001001 Depth:1 Active:1920x1280 Scaled:800x600 PixelClock:131400000 ScalerFlags:0 SignalConfig:0: Requested pixel encoding 1 dynamic range 1
2026-10-07 15:00:10.207 Df (AppleIntelICLLPGraphicsFramebuffer) [IGFB][LOG  ][VDT       ] FB1: fEnablePlaneRotation = 1, fittable = 1
2026-10-07 15:00:10.207 Df (AppleIntelICLLPGraphicsFramebuffer) [IGFB][LOG  ][VDT       ] FB1: Requesting VDT: Online:1 Mode:0x80001001 Depth:1 Active:1920x1280 Scaled:800x534 PixelClock:131400000 ScalerFlags:0 SignalConfig:0 Requested pixel encoding 1 Colorimetry 1 dynamic range 1
2026-10-07 15:00:10.207 Df (AppleIntelICLLPGraphicsFramebuffer) [IGFB][LOG  ][VDT       ] FB1: Online:1 Detailed timing validated by AGDC (response = 0x2)
2026-10-07 15:00:10.207 Df (AppleIntelICLLPGraphicsFramebuffer) [IGFB][LOG  ][VDT       ] FB1: Online:1 Mode:0x80001001 Depth:1 Active:1920x1280 Scaled:800x534 PixelClock:131400000 ScalerFlags:0 SignalConfig:0: Requested pixel encoding 1 dynamic range 1
2026-10-07 15:00:10.207 Df (AppleIntelICLLPGraphicsFramebuffer) [IGFB][LOG  ][VDT       ] FB1: fEnablePlaneRotation = 1, fittable = 1
2026-10-07 15:00:10.207 Df (AppleIntelICLLPGraphicsFramebuffer) [IGFB][LOG  ][VDT       ] FB1: Requesting VDT: Online:1 Mode:0x80001001 Depth:1 Active:1920x1280 Scaled:1024x768 PixelClock:131400000 ScalerFlags:0 SignalConfig:0 Requested pixel encoding 1 Colorimetry 1 dynamic range 1
2026-10-07 15:00:10.207 Df (AppleIntelICLLPGraphicsFramebuffer) [IGFB][LOG  ][VDT       ] FB1: Online:1 Detailed timing validated by AGDC (response = 0x2)
2026-10-07 15:00:10.207 Df (AppleIntelICLLPGraphicsFramebuffer) [IGFB][LOG  ][VDT       ] FB1: Online:1 Mode:0x80001001 Depth:1 Active:1920x1280 Scaled:1024x768 PixelClock:131400000 ScalerFlags:0 SignalConfig:0: Requested pixel encoding 1 dynamic range 1
2026-10-07 15:00:10.207 Df (AppleIntelICLLPGraphicsFramebuffer) [IGFB][LOG  ][VDT       ] FB1: fEnablePlaneRotation = 1, fittable = 1
2026-10-07 15:00:10.207 Df (AppleIntelICLLPGraphicsFramebuffer) [IGFB][LOG  ][VDT       ] FB1: Requesting VDT: Online:1 Mode:0x80001001 Depth:1 Active:1920x1280 Scaled:1024x682 PixelClock:131400000 ScalerFlags:0 SignalConfig:0 Requested pixel encoding 1 Colorimetry 1 dynamic range 1
2026-10-07 15:00:10.207 Df (AppleIntelICLLPGraphicsFramebuffer) [IGFB][LOG  ][VDT       ] FB1: Online:1 Detailed timing validated by AGDC (response = 0x2)
2026-10-07 15:00:10.207 Df (AppleIntelICLLPGraphicsFramebuffer) [IGFB][LOG  ][VDT       ] FB1: Online:1 Mode:0x80001001 Depth:1 Active:1920x1280 Scaled:1024x682 PixelClock:131400000 ScalerFlags:0 SignalConfig:0: Requested pixel encoding 1 dynamic range 1
2026-10-07 15:00:10.207 Df (AppleIntelICLLPGraphicsFramebuffer) [IGFB][LOG  ][VDT       ] FB1: fEnablePlaneRotation = 1, fittable = 1
2026-10-07 15:00:10.207 Df (AppleIntelICLLPGraphicsFramebuffer) [IGFB][LOG  ][VDT       ] FB1: Requesting VDT: Online:1 Mode:0x80001001 Depth:1 Active:1920x1280 Scaled:1280x720 PixelClock:131400000 ScalerFlags:0 SignalConfig:0 Requested pixel encoding 1 Colorimetry 1 dynamic range 1
2026-10-07 15:00:10.207 Df (AppleIntelICLLPGraphicsFramebuffer) [IGFB][LOG  ][VDT       ] FB1: Online:1 Detailed timing validated by AGDC (response = 0x2)
2026-10-07 15:00:10.207 Df (AppleIntelICLLPGraphicsFramebuffer) [IGFB][LOG  ][VDT       ] FB1: Online:1 Mode:0x80001001 Depth:1 Active:1920x1280 Scaled:1280x720 PixelClock:131400000 ScalerFlags:0 SignalConfig:0: Requested pixel encoding 1 dynamic range 1
2026-10-07 15:00:10.207 Df (AppleIntelICLLPGraphicsFramebuffer) [IGFB][LOG  ][VDT       ] FB1: fEnablePlaneRotation = 1, fittable = 1
2026-10-07 15:00:10.207 Df (AppleIntelICLLPGraphicsFramebuffer) [IGFB][LOG  ][VDT       ] FB1: Requesting VDT: Online:1 Mode:0x80001001 Depth:1 Active:1920x1280 Scaled:1280x960 PixelClock:131400000 ScalerFlags:0 SignalConfig:0 Requested pixel encoding 1 Colorimetry 1 dynamic range 1
2026-10-07 15:00:10.207 Df (AppleIntelICLLPGraphicsFramebuffer) [IGFB][LOG  ][VDT       ] FB1: Online:1 Detailed timing validated by AGDC (response = 0x2)
2026-10-07 15:00:10.207 Df (AppleIntelICLLPGraphicsFramebuffer) [IGFB][LOG  ][VDT       ] FB1: Online:1 Mode:0x80001001 Depth:1 Active:1920x1280 Scaled:1280x960 PixelClock:131400000 ScalerFlags:0 SignalConfig:0: Requested pixel encoding 1 dynamic range 1
2026-10-07 15:00:10.207 Df (AppleIntelICLLPGraphicsFramebuffer) [IGFB][LOG  ][VDT       ] FB1: fEnablePlaneRotation = 1, fittable = 1
2026-10-07 15:00:10.207 Df (AppleIntelICLLPGraphicsFramebuffer) [IGFB][LOG  ][VDT       ] FB1: Requesting VDT: Online:1 Mode:0x80001001 Depth:1 Active:1920x1280 Scaled:1280x854 PixelClock:131400000 ScalerFlags:0 SignalConfig:0 Requested pixel encoding 1 Colorimetry 1 dynamic range 1
2026-10-07 15:00:10.207 Df (AppleIntelICLLPGraphicsFramebuffer) [IGFB][LOG  ][VDT       ] FB1: Online:1 Detailed timing validated by AGDC (response = 0x2)
2026-10-07 15:00:10.207 Df (AppleIntelICLLPGraphicsFramebuffer) [IGFB][LOG  ][VDT       ] FB1: Online:1 Mode:0x80001001 Depth:1 Active:1920x1280 Scaled:1280x854 PixelClock:131400000 ScalerFlags:0 SignalConfig:0: Requested pixel encoding 1 dynamic range 1
2026-10-07 15:00:10.207 Df (AppleIntelICLLPGraphicsFramebuffer) [IGFB][LOG  ][VDT       ] FB1: fEnablePlaneRotation = 1, fittable = 1
2026-10-07 15:00:10.207 Df (AppleIntelICLLPGraphicsFramebuffer) [IGFB][LOG  ][VDT       ] FB1: Requesting VDT: Online:1 Mode:0x80001001 Depth:1 Active:1920x1280 Scaled:1344x1008 PixelClock:131400000 ScalerFlags:0 SignalConfig:0 Requested pixel encoding 1 Colorimetry 1 dynamic range 1
2026-10-07 15:00:10.207 Df (AppleIntelICLLPGraphicsFramebuffer) [IGFB][LOG  ][VDT       ] FB1: Online:1 Detailed timing validated by AGDC (response = 0x2)
2026-10-07 15:00:10.207 Df (AppleIntelICLLPGraphicsFramebuffer) [IGFB][LOG  ][VDT       ] FB1: Online:1 Mode:0x80001001 Depth:1 Active:1920x1280 Scaled:1344x1008 PixelClock:131400000 ScalerFlags:0 SignalConfig:0: Requested pixel encoding 1 dynamic range 1
2026-10-07 15:00:10.207 Df (AppleIntelICLLPGraphicsFramebuffer) [IGFB][LOG  ][VDT       ] FB1: fEnablePlaneRotation = 1, fittable = 1
2026-10-07 15:00:10.207 Df (AppleIntelICLLPGraphicsFramebuffer) [IGFB][LOG  ][VDT       ] FB1: Requesting VDT: Online:1 Mode:0x80001001 Depth:1 Active:1920x1280 Scaled:1344x896 PixelClock:131400000 ScalerFlags:0 SignalConfig:0 Requested pixel encoding 1 Colorimetry 1 dynamic range 1
2026-10-07 15:00:10.207 Df (AppleIntelICLLPGraphicsFramebuffer) [IGFB][LOG  ][VDT       ] FB1: Online:1 Detailed timing validated by AGDC (response = 0x2)
2026-10-07 15:00:10.207 Df (AppleIntelICLLPGraphicsFramebuffer) [IGFB][LOG  ][VDT       ] FB1: Online:1 Mode:0x80001001 Depth:1 Active:1920x1280 Scaled:1344x896 PixelClock:131400000 ScalerFlags:0 SignalConfig:0: Requested pixel encoding 1 dynamic range 1
2026-10-07 15:00:10.207 Df (AppleIntelICLLPGraphicsFramebuffer) [IGFB][LOG  ][VDT       ] FB1: fEnablePlaneRotation = 1, fittable = 1
2026-10-07 15:00:10.207 Df (AppleIntelICLLPGraphicsFramebuffer) [IGFB][LOG  ][VDT       ] FB1: Requesting VDT: Online:1 Mode:0x80001001 Depth:1 Active:1920x1280 Scaled:1440x900 PixelClock:131400000 ScalerFlags:0 SignalConfig:0 Requested pixel encoding 1 Colorimetry 1 dynamic range 1
2026-10-07 15:00:10.207 Df (AppleIntelICLLPGraphicsFramebuffer) [IGFB][LOG  ][VDT       ] FB1: Online:1 Detailed timing validated by AGDC (response = 0x2)
2026-10-07 15:00:10.207 Df (AppleIntelICLLPGraphicsFramebuffer) [IGFB][LOG  ][VDT       ] FB1: Online:1 Mode:0x80001001 Depth:1 Active:1920x1280 Scaled:1440x900 PixelClock:131400000 ScalerFlags:0 SignalConfig:0: Requested pixel encoding 1 dynamic range 1
2026-10-07 15:00:10.207 Df (AppleIntelICLLPGraphicsFramebuffer) [IGFB][LOG  ][VDT       ] FB1: fEnablePlaneRotation = 1, fittable = 1
2026-10-07 15:00:10.207 Df (AppleIntelICLLPGraphicsFramebuffer) [IGFB][LOG  ][VDT       ] FB1: Requesting VDT: Online:1 Mode:0x80001001 Depth:1 Active:1920x1280 Scaled:1680x1050 PixelClock:131400000 ScalerFlags:0 SignalConfig:0 Requested pixel encoding 1 Colorimetry 1 dynamic range 1
2026-10-07 15:00:10.207 Df (AppleIntelICLLPGraphicsFramebuffer) [IGFB][LOG  ][VDT       ] FB1: Online:1 Detailed timing validated by AGDC (response = 0x2)
2026-10-07 15:00:10.207 Df (AppleIntelICLLPGraphicsFramebuffer) [IGFB][LOG  ][VDT       ] FB1: Online:1 Mode:0x80001001 Depth:1 Active:1920x1280 Scaled:1680x1050 PixelClock:131400000 ScalerFlags:0 SignalConfig:0: Requested pixel encoding 1 dynamic range 1
2026-10-07 15:00:10.207 Df (AppleIntelICLLPGraphicsFramebuffer) [IGFB][LOG  ][VDT       ] FB1: fEnablePlaneRotation = 1, fittable = 1
2026-10-07 15:00:10.207 Df (AppleIntelICLLPGraphicsFramebuffer) [IGFB][LOG  ][VDT       ] FB1: Requesting VDT: Online:1 Mode:0x80001001 Depth:1 Active:1920x1280 Scaled:1600x1200 PixelClock:131400000 ScalerFlags:0 SignalConfig:0 Requested pixel encoding 1 Colorimetry 1 dynamic range 1
2026-10-07 15:00:10.207 Df (AppleIntelICLLPGraphicsFramebuffer) [IGFB][LOG  ][VDT       ] FB1: Online:1 Detailed timing validated by AGDC (response = 0x2)
2026-10-07 15:00:10.207 Df (AppleIntelICLLPGraphicsFramebuffer) [IGFB][LOG  ][VDT       ] FB1: Online:1 Mode:0x80001001 Depth:1 Active:1920x1280 Scaled:1600x1200 PixelClock:131400000 ScalerFlags:0 SignalConfig:0: Requested pixel encoding 1 dynamic range 1
2026-10-07 15:00:10.207 Df (AppleIntelICLLPGraphicsFramebuffer) [IGFB][LOG  ][VDT       ] FB1: fEnablePlaneRotation = 1, fittable = 1
2026-10-07 15:00:10.207 Df (AppleIntelICLLPGraphicsFramebuffer) [IGFB][LOG  ][VDT       ] FB1: Requesting VDT: Online:1 Mode:0x80001001 Depth:1 Active:1920x1280 Scaled:1600x1066 PixelClock:131400000 ScalerFlags:0 SignalConfig:0 Requested pixel encoding 1 Colorimetry 1 dynamic range 1
2026-10-07 15:00:10.207 Df (AppleIntelICLLPGraphicsFramebuffer) [IGFB][LOG  ][VDT       ] FB1: Online:1 Detailed timing validated by AGDC (response = 0x2)
2026-10-07 15:00:10.207 Df (AppleIntelICLLPGraphicsFramebuffer) [IGFB][LOG  ][VDT       ] FB1: Online:1 Mode:0x80001001 Depth:1 Active:1920x1280 Scaled:1600x1066 PixelClock:131400000 ScalerFlags:0 SignalConfig:0: Requested pixel encoding 1 dynamic range 1
2026-10-07 15:00:10.207 Df (AppleIntelICLLPGraphicsFramebuffer) [IGFB][LOG  ][VDT       ] FB1: fEnablePlaneRotation = 1, fittable = 1
2026-10-07 15:00:10.207 Df (AppleIntelICLLPGraphicsFramebuffer) [IGFB][LOG  ][VDT       ] FB1: Requesting VDT: Online:1 Mode:0x80001001 Depth:1 Active:1920x1280 Scaled:1920x1080 PixelClock:131400000 ScalerFlags:0 SignalConfig:0 Requested pixel encoding 1 Colorimetry 1 dynamic range 1
2026-10-07 15:00:10.207 Df (AppleIntelICLLPGraphicsFramebuffer) [IGFB][LOG  ][VDT       ] FB1: Online:1 Detailed timing validated by AGDC (response = 0x2)
2026-10-07 15:00:10.207 Df (AppleIntelICLLPGraphicsFramebuffer) [IGFB][LOG  ][VDT       ] FB1: Online:1 Mode:0x80001001 Depth:1 Active:1920x1280 Scaled:1920x1080 PixelClock:131400000 ScalerFlags:0 SignalConfig:0: Requested pixel encoding 1 dynamic range 1
2026-10-07 15:00:10.207 Df (AppleIntelICLLPGraphicsFramebuffer) [IGFB][LOG  ][VDT       ] FB1: fEnablePlaneRotation = 1, fittable = 1
2026-10-07 15:00:10.207 Df (AppleIntelICLLPGraphicsFramebuffer) [IGFB][LOG  ][VDT       ] FB1: Requesting VDT: Online:1 Mode:0x80001001 Depth:1 Active:1920x1280 Scaled:1920x1200 PixelClock:131400000 ScalerFlags:0 SignalConfig:0 Requested pixel encoding 1 Colorimetry 1 dynamic range 1
2026-10-07 15:00:10.207 Df (AppleIntelICLLPGraphicsFramebuffer) [IGFB][LOG  ][VDT       ] FB1: Online:1 Detailed timing validated by AGDC (response = 0x2)
2026-10-07 15:00:10.207 Df (AppleIntelICLLPGraphicsFramebuffer) [IGFB][LOG  ][VDT       ] FB1: Online:1 Mode:0x80001001 Depth:1 Active:1920x1280 Scaled:1920x1200 PixelClock:131400000 ScalerFlags:0 SignalConfig:0: Requested pixel encoding 1 dynamic range 1
2026-10-07 15:00:10.207 Df (AppleIntelICLLPGraphicsFramebuffer) [IGFB][LOG  ][VDT       ] FB1: fEnablePlaneRotation = 1, fittable = 1
2026-10-07 15:00:10.207 Df (AppleIntelICLLPGraphicsFramebuffer) [IGFB][LOG  ][VDT       ] FB1: Requesting VDT: Online:1 Mode:0x80001001 Depth:1 Active:1920x1280 Scaled:2560x1440 PixelClock:131400000 ScalerFlags:0 SignalConfig:0 Requested pixel encoding 1 Colorimetry 1 dynamic range 1
2026-10-07 15:00:10.207 Df (AppleIntelICLLPGraphicsFramebuffer) [IGFB][LOG  ][VDT       ] FB1: Online:1 Detailed timing validated by AGDC (response = 0x2)
2026-10-07 15:00:10.207 Df (AppleIntelICLLPGraphicsFramebuffer) [IGFB][LOG  ][VDT       ] FB1: Online:1 Mode:0x80001001 Depth:1 Active:1920x1280 Scaled:2560x1440 PixelClock:131400000 ScalerFlags:0 SignalConfig:0: Requested pixel encoding 1 dynamic range 1
2026-10-07 15:00:10.207 Df (AppleIntelICLLPGraphicsFramebuffer) [IGFB][LOG  ][VDT       ] FB1: fEnablePlaneRotation = 1, fittable = 1
2026-10-07 15:00:10.207 Df (AppleIntelICLLPGraphicsFramebuffer) [IGFB][LOG  ][VDT       ] FB1: Requesting VDT: Online:1 Mode:0x80001001 Depth:1 Active:1920x1280 Scaled:2560x1600 PixelClock:131400000 ScalerFlags:0 SignalConfig:0 Requested pixel encoding 1 Colorimetry 1 dynamic range 1
2026-10-07 15:00:10.207 Df (AppleIntelICLLPGraphicsFramebuffer) [IGFB][LOG  ][VDT       ] FB1: Online:1 Detailed timing validated by AGDC (response = 0x2)
2026-10-07 15:00:10.207 Df (AppleIntelICLLPGraphicsFramebuffer) [IGFB][LOG  ][VDT       ] FB1: Online:1 Mode:0x80001001 Depth:1 Active:1920x1280 Scaled:2560x1600 PixelClock:131400000 ScalerFlags:0 SignalConfig:0: Requested pixel encoding 1 dynamic range 1
2026-10-07 15:00:10.207 Df (AppleIntelICLLPGraphicsFramebuffer) [IGFB][LOG  ][VDT       ] FB1: fEnablePlaneRotation = 1, fittable = 1
2026-10-07 15:00:10.207 Df (AppleIntelICLLPGraphicsFramebuffer) [IGFB][LOG  ][VDT       ] FB1: Requesting VDT: Online:1 Mode:0x80001001 Depth:1 Active:1920x1280 Scaled:1920x1080 PixelClock:131400000 ScalerFlags:0 SignalConfig:0 Requested pixel encoding 1 Colorimetry 1 dynamic range 1
2026-10-07 15:00:10.207 Df (AppleIntelICLLPGraphicsFramebuffer) [IGFB][LOG  ][VDT       ] FB1: Online:1 Detailed timing validated by AGDC (response = 0x2)
2026-10-07 15:00:10.207 Df (AppleIntelICLLPGraphicsFramebuffer) [IGFB][LOG  ][VDT       ] FB1: Online:1 Mode:0x80001001 Depth:1 Active:1920x1280 Scaled:1920x1080 PixelClock:131400000 ScalerFlags:0 SignalConfig:0: Requested pixel encoding 1 dynamic range 1
2026-10-07 15:00:10.207 Df (AppleIntelICLLPGraphicsFramebuffer) [IGFB][LOG  ][VDT       ] FB1: fEnablePlaneRotation = 1, fittable = 1
2026-10-07 15:00:10.207 Df (AppleIntelICLLPGraphicsFramebuffer) [IGFB][LOG  ][DISPLAY   ] getCurrentDisplayMode: FB=1 fCurrentMode = 0xfffffffb fCurrentDepth = 0, fBootDisplay = 1.
2026-10-07 15:00:10.207 Df (AppleIntelICLLPGraphicsFramebuffer) [IGFB][LOG  ][DISPLAY   ] Current hardware mode is set for active h=0, v=0 scaled h=0, v=0 pixelClock 0 scalerFlags 0signalConfig 0
2026-10-07 15:00:10.207 Df (AppleIntelICLLPGraphicsFramebuffer) [IGFB][ERROR][DISPLAY   ] Not able to get the current timing info
2026-10-07 15:00:10.211 Df (AppleIntelICLLPGraphicsFramebuffer) [IGFB][LOG  ][DISPLAY   ] getCurrentDisplayMode: FB=1 fCurrentMode = 0xfffffffb fCurrentDepth = 0, fBootDisplay = 1.
2026-10-07 15:00:10.211 Df (AppleIntelICLLPGraphicsFramebuffer) [IGFB][LOG  ][DISPLAY   ] Current hardware mode is set for active h=0, v=0 scaled h=0, v=0 pixelClock 0 scalerFlags 0signalConfig 0
2026-10-07 15:00:10.211 Df (AppleIntelICLLPGraphicsFramebuffer) [IGFB][ERROR][DISPLAY   ] Not able to get the current timing info
2026-10-07 15:00:10.211 Df (AppleIntelICLLPGraphicsFramebuffer) [IGFB][LOG  ][DISPLAY   ] frameBufferNotificationcallback notification received on Fb 1 at time 33973017
2026-10-07 15:00:10.211 Df (AppleIntelICLLPGraphicsFramebuffer) [IGFB][LOG  ][DISPLAY   ] kIOFBNotifyDisplayModeWillChange notification received on fb 1
2026-10-07 15:00:10.212 Df (AppleIntelICLLPGraphicsFramebuffer) [IGFB][LOG  ][DISPLAY   ]  Transaction  completed in 1 milliseconds
2026-10-07 15:00:10.212 Df (AppleIntelICLLPGraphicsFramebuffer) [IGFB][LOG  ][DISPLAY   ] Reporting Fake VBL for pipe 0 on Fb 1
2026-10-07 15:00:10.219 Df (AppleIntelICLLPGraphicsFramebuffer) [IGFB][LOG  ][DISPLAY   ] Reporting Fake VBL for pipe 0 on Fb 1
2026-10-07 15:00:10.219 Df (AppleIntelICLLPGraphicsFramebuffer) [IGFB][LOG  ][DISPLAY   ] FB1: displayMode=80001000, depth=0, fOnline=1
2026-10-07 15:00:10.219 Df (AppleIntelICLLPGraphicsFramebuffer) [IGFB][LOG  ][DISPLAY   ] FB1: fOnline=1 aw=1920, ah=1280, sw=0, sh=0, iw=0, ih=0 pixelClock=164250000 VBLextention=0 pixelEncoding=1 BPC=2 colorimetry=1 dynamicRange=1
2026-10-07 15:00:10.219 Df (AppleIntelICLLPGraphicsFramebuffer) [IGFB][LOG  ][DISPLAY   ] FB1: Set display mode for first boot
2026-10-07 15:00:10.219 Df (AppleIntelICLLPGraphicsFramebuffer) [IGFB][LOG  ][DISPLAY   ] Computing transform
2026-10-07 15:00:10.219 Df (AppleIntelICLLPGraphicsFramebuffer) [IGFB][LOG  ][DISPLAY   ] Pipe A: displayPath->fFitterWidth = 0x0
2026-10-07 15:00:10.219 Df (AppleIntelICLLPGraphicsFramebuffer) [IGFB][LOG  ][DISPLAY   ] Pipe A: displayPath->fLinkScanoutWidth = 0x780
2026-10-07 15:00:10.219 Df (AppleIntelICLLPGraphicsFramebuffer) [IGFB][LOG  ][DISPLAY   ] Pipe A: displayPath->fLinkScanoutHeight = 0x500
2026-10-07 15:00:10.219 Df (AppleIntelICLLPGraphicsFramebuffer) [IGFB][LOG  ][DISPLAY   ] Pipe A: displayPath->fLinkTimingWidth = 0x780
2026-10-07 15:00:10.219 Df (AppleIntelICLLPGraphicsFramebuffer) [IGFB][LOG  ][DISPLAY   ] Pipe A: displayPath->fLinkTimingHeight = 0x500
2026-10-07 15:00:10.219 Df (AppleIntelICLLPGraphicsFramebuffer) [IGFB][LOG  ][DISPLAY   ] Pipe A: displayPath->fLinkVerticalOffset = 0x0
2026-10-07 15:00:10.219 Df (AppleIntelICLLPGraphicsFramebuffer) [IGFB][LOG  ][DISPLAY   ] Pipe A: displayPath->fLinkHorizontalOffset = 0x0
2026-10-07 15:00:10.219 Df (AppleIntelICLLPGraphicsFramebuffer) [IGFB][INFO ][MODESET   ]  FB1: Setting hardware mode pipe A
2026-10-07 15:00:10.219 Df (AppleIntelICLLPGraphicsFramebuffer) [IGFB][INFO ][MODESET   ]  FB1: Enable GPU sub sampling: True
2026-10-07 15:00:10.219 Df (AppleIntelICLLPGraphicsFramebuffer) [IGFB][LOG  ][DISPLAY   ] hwDisableUnderrunInterrupts:Disabling Underrun Interrupts
2026-10-07 15:00:10.219 Df (AppleIntelICLLPGraphicsFramebuffer) [IGFB][LOG  ][DISPLAY   ] FB1: Setting up clocks
2026-10-07 15:00:10.219 Df (AppleIntelICLLPGraphicsFramebuffer) [IGFB][LOG  ][DISPLAY   ] Setting up clocks for DDI = 0
2026-10-07 15:00:10.219 Df (AppleIntelICLLPGraphicsFramebuffer) [IGFB][LOG  ][DISPLAY   ] (FB1:<private>, timing=<private>, params=<private>)
2026-10-07 15:00:10.219 Df (AppleIntelICLLPGraphicsFramebuffer) [IGFB][LOG  ][DISPLAY   ] timing ha=1920, va=1280
2026-10-07 15:00:10.219 Df (AppleIntelICLLPGraphicsFramebuffer) [IGFB][LOG  ][DISPLAY   ] timing hs=0, vs=0
2026-10-07 15:00:10.219 Df (AppleIntelICLLPGraphicsFramebuffer) [IGFB][LOG  ][DISPLAY   ] scalerFlags=0
2026-10-07 15:00:10.219 Df (AppleIntelICLLPGraphicsFramebuffer) [IGFB][LOG  ][DISPLAY   ] signalConfig=0
2026-10-07 15:00:10.219 Df (AppleIntelICLLPGraphicsFramebuffer) [IGFB][LOG  ][DISPLAY   ] vSyncConfig=0
2026-10-07 15:00:10.219 Df (AppleIntelICLLPGraphicsFramebuffer) [IGFB][LOG  ][DISPLAY   ] hSyncConfig=0
2026-10-07 15:00:10.219 Df (AppleIntelICLLPGraphicsFramebuffer) [IGFB][LOG  ][DISPLAY   ]  TRANS_HTOTAL     = 0x81f077f
2026-10-07 15:00:10.219 Df (AppleIntelICLLPGraphicsFramebuffer) [IGFB][LOG  ][DISPLAY   ]  TRANS_HBLANK     = 0x81f077f
2026-10-07 15:00:10.219 Df (AppleIntelICLLPGraphicsFramebuffer) [IGFB][LOG  ][DISPLAY   ]  TRANS_HSYNC      = 0x7cf07af
2026-10-07 15:00:10.219 Df (AppleIntelICLLPGraphicsFramebuffer) [IGFB][LOG  ][DISPLAY   ]  TRANS_VTOTAL     = 0x52404ff
2026-10-07 15:00:10.219 Df (AppleIntelICLLPGraphicsFramebuffer) [IGFB][LOG  ][DISPLAY   ]  TRANS_VBLANK     = 0x52404ff
2026-10-07 15:00:10.219 Df (AppleIntelICLLPGraphicsFramebuffer) [IGFB][LOG  ][DISPLAY   ]  TRANS_VSYNC      = 0x50c0502
2026-10-07 15:00:10.219 Df (AppleIntelICLLPGraphicsFramebuffer) [IGFB][LOG  ][DISPLAY   ]  TRANS_VSYNCSHIFT = 0x0
2026-10-07 15:00:10.219 Df (AppleIntelICLLPGraphicsFramebuffer) [IGFB][LOG  ][MODESET   ] FB1: setting up params for pipe A
2026-10-07 15:00:10.219 Df (AppleIntelICLLPGraphicsFramebuffer) [IGFB][LOG  ][MODESET   ] TRANS_CLK_SEL = 0x0
2026-10-07 15:00:10.219 Df (AppleIntelICLLPGraphicsFramebuffer) [IGFB][LOG  ][MODESET   ] PIPE_SRCSZ = 0x77f04ff
2026-10-07 15:00:10.219 Df (AppleIntelICLLPGraphicsFramebuffer) [IGFB][LOG  ][MODESET   ] Encoder bits per color is 8
2026-10-07 15:00:10.219 Df (AppleIntelICLLPGraphicsFramebuffer) [IGFB][LOG  ][MODESET   ] Pixel encoding is RGB
2026-10-07 15:00:10.219 Df (AppleIntelICLLPGraphicsFramebuffer) [IGFB][LOG  ][MODESET   ] TRANS_MSA_MISC = 0x21
2026-10-07 15:00:10.219 Df (AppleIntelICLLPGraphicsFramebuffer) [IGFB][LOG  ][MODESET   ] Dither is enabled in pipe misc
2026-10-07 15:00:10.219 Df (AppleIntelICLLPGraphicsFramebuffer) [IGFB][LOG  ][DISPLAY   ] fCurrentCDClockFrequency = 1305600000, fPendingCDClockFrequency = 1305600000
2026-10-07 15:00:10.219 Df (AppleIntelICLLPGraphicsFramebuffer) [IGFB][LOG  ][DISPLAY   ] FB1: pixelClock=164250000, linkSymbolClock=270000000, colorDepth=24, noLanes=2
2026-10-07 15:00:10.219 Df (AppleIntelICLLPGraphicsFramebuffer) [IGFB][LOG  ][DISPLAY   ] DataM value: 0x74cccd
2026-10-07 15:00:10.219 Df (AppleIntelICLLPGraphicsFramebuffer) [IGFB][LOG  ][DISPLAY   ] LinkM value: 0x4dddd
2026-10-07 15:00:10.219 Df (AppleIntelICLLPGraphicsFramebuffer) [IGFB][LOG  ][DISPLAY   ] Calculated -> DataM1=0x7e74cccd, DataN1=0x800000, LinkM1=0x4dddd, LinkN1=0x80000
2026-10-07 15:00:10.219 Df (AppleIntelICLLPGraphicsFramebuffer) [IGFB][LOG  ][MODESET   ] TRANS_CONF 0->0x80000024, TRANS_DDI_FUNC_CTL 0->0x82000002
2026-10-07 15:00:10.219 Df (AppleIntelICLLPGraphicsFramebuffer) [IGFB][LOG  ][MODESET   ] FB1: Change in h/w environment, needs full modeset for pipe 0
2026-10-07 15:00:10.219 Df (AppleIntelICLLPGraphicsFramebuffer) [IGFB][INFO ][MODESET   ] FB1: Complete modeset
2026-10-07 15:00:10.219 Df (AppleIntelICLLPGraphicsFramebuffer) [IGFB][LOG  ][MODESET   ] Disable display called for without sw dc6 support
2026-10-07 15:00:10.219 Df (AppleIntelICLLPGraphicsFramebuffer) [IGFB][LOG  ][DISPLAY   ] FB1: Disabling Pipe A
2026-10-07 15:00:10.220 Df (AppleIntelICLLPGraphicsFramebuffer) [IGFB][LOG  ][DISPLAY   ]  Transaction  completed in 1 milliseconds
2026-10-07 15:00:10.220 Df (AppleIntelICLLPGraphicsFramebuffer) [IGFB][LOG  ][DISPLAY   ] Reporting Fake VBL for pipe 0 on Fb 1
2026-10-07 15:00:10.237 Df (AppleIntelICLLPGraphicsFramebuffer) [IGFB][LOG  ][DISPLAY   ] FB1: Disabling clocks
2026-10-07 15:00:10.237 Df (AppleIntelICLLPGraphicsFramebuffer) [IGFB][LOG  ][DISPLAY   ] Disabling clocks on DDI = 0
2026-10-07 15:00:10.240 Df (AppleIntelICLLPGraphicsFramebuffer) [IGFB][LOG  ][MODESET   ] Lighting up eDP
2026-10-07 15:00:10.240 Df (AppleIntelICLLPGraphicsFramebuffer) [IGFB][LOG  ][DISPLAY   ] Enabling clocks for DDI = 0
2026-10-07 15:00:10.242 Df (AppleIntelICLLPGraphicsFramebuffer) [IGFB][LOG  ][LINK_TRAINING] DDI = 0, PortType = 0
2026-10-07 15:00:10.262 Df (AppleIntelICLLPGraphicsFramebuffer) [IGFB][ERROR][DISPLAY   ] Internal cached DBuf values are not set. Failed to distribute DBufs
2026-10-07 15:00:10.262 Df (AppleIntelICLLPGraphicsFramebuffer) [IGFB][LOG  ][DISPLAY   ] FB1: Enabling pipe 0
2026-10-07 15:00:10.262 Df (AppleIntelICLLPGraphicsFramebuffer) [IGFB][LOG  ][DISPLAY   ] FB1: EDP DisplayPipe property set to 0
2026-10-07 15:00:10.273 Df (AppleIntelICLLPGraphicsFramebuffer) [IGFB][LOG  ][VRR       ] FB1: verticalBlankingExtension = 0x0 IsVRRSupported = 0x1 Bail !!!
2026-10-07 15:00:10.273 Df (AppleIntelICLLPGraphicsFramebuffer) [IGFB][LOG  ][DISPLAY   ] hwEnableUnderrunInterrupts: Enabling underrun interrupts
2026-10-07 15:00:10.273 Df (AppleIntelICLLPGraphicsFramebuffer) [IGFB][LOG  ][MODESET   ] FB1: Setting display mode 1920 x 1280 -> 0 x 0 at 164250000 Hz encoded with 0x1 2 bpc with color 1 and range 1
2026-10-07 15:00:10.273 Df (AppleIntelICLLPGraphicsFramebuffer) [IGFB][LOG  ][DISPLAY   ] getCurrentDisplayMode: FB=1 fCurrentMode = 0x80001000 fCurrentDepth = 0, fBootDisplay = 1.
2026-10-07 15:00:10.273 Df (AppleIntelICLLPGraphicsFramebuffer) [IGFB][LOG  ][DISPLAY   ] Setting current mode to 0x80001000 and depth=0, bPortraitMode 0, bAnotherRun 0.
2026-10-07 15:00:10.273 Df (AppleIntelICLLPGraphicsFramebuffer) [IGFB][LOG  ][DISPLAY   ] frameBufferNotificationcallback notification received on Fb 1 at time 34035093
2026-10-07 15:00:10.273 Df (AppleIntelICLLPGraphicsFramebuffer) [IGFB][LOG  ][DISPLAY   ] kIOFBNotifyDisplayModeDidChange notification received on fb 1
2026-10-07 15:00:10.273 Df (AppleIntelICLLPGraphicsFramebuffer) [IGFB][LOG  ][DISPLAY   ] TxnHang1: FB1: FrameBufferNotificationCallback received. Event = 2. fTransactionState = kTransComplete, fLiveState = kTransLive
2026-10-07 15:00:10.273 Df (AppleIntelICLLPGraphicsFramebuffer) [IGFB][LOG  ][DISPLAY   ] Reporting Fake VBL for pipe 0 on Fb 1
2026-10-07 15:00:10.273 Df (AppleIntelICLLPGraphicsFramebuffer) [IGFB][LOG  ][DISPLAY   ] getCurrentDisplayMode: FB=1 fCurrentMode = 0x80001000 fCurrentDepth = 0, fBootDisplay = 1.
2026-10-07 15:00:10.273 Df (AppleIntelICLLPGraphicsFramebuffer) [IGFB][LOG  ][DISPLAY   ] Setting current mode to 0x80001000 and depth=0, bPortraitMode 0, bAnotherRun 0.
2026-10-07 15:00:10.287 Df (AppleIntelICLLPGraphicsFramebuffer) [IGFB][LOG  ][DISPLAY   ] getCurrentDisplayMode: FB=1 fCurrentMode = 0x80001000 fCurrentDepth = 0, fBootDisplay = 1.
2026-10-07 15:00:10.287 Df (AppleIntelICLLPGraphicsFramebuffer) [IGFB][LOG  ][DISPLAY   ] Setting current mode to 0x80001000 and depth=0, bPortraitMode 0, bAnotherRun 0.
2026-10-07 15:00:10.288 Df (AppleIntelICLLPGraphicsFramebuffer) [IGFB][LOG  ][DISPLAY   ] getCurrentDisplayMode: FB=1 fCurrentMode = 0x80001000 fCurrentDepth = 0, fBootDisplay = 1.
2026-10-07 15:00:10.288 Df (AppleIntelICLLPGraphicsFramebuffer) [IGFB][LOG  ][DISPLAY   ] Setting current mode to 0x80001000 and depth=0, bPortraitMode 0, bAnotherRun 0.
2026-10-07 15:00:10.288 Df (AppleIntelICLLPGraphicsFramebuffer) [IGFB][LOG  ][DISPLAY   ] getCurrentDisplayMode: FB=1 fCurrentMode = 0x80001000 fCurrentDepth = 0, fBootDisplay = 1.
2026-10-07 15:00:10.288 Df (AppleIntelICLLPGraphicsFramebuffer) [IGFB][LOG  ][DISPLAY   ] Setting current mode to 0x80001000 and depth=0, bPortraitMode 0, bAnotherRun 0.
2026-10-07 15:00:10.288 Df (AppleIntelICLLPGraphicsFramebuffer) [IGFB][LOG  ][DISPLAY   ] getCurrentDisplayMode: FB=1 fCurrentMode = 0x80001000 fCurrentDepth = 0, fBootDisplay = 1.
2026-10-07 15:00:10.288 Df (AppleIntelICLLPGraphicsFramebuffer) [IGFB][LOG  ][DISPLAY   ] Setting current mode to 0x80001000 and depth=0, bPortraitMode 0, bAnotherRun 0.
2026-10-07 15:00:10.289 Df (AppleIntelICLLPGraphicsFramebuffer) [IGFB][LOG  ][DISPLAY   ] getCurrentDisplayMode: FB=1 fCurrentMode = 0x80001000 fCurrentDepth = 0, fBootDisplay = 1.
2026-10-07 15:00:10.289 Df (AppleIntelICLLPGraphicsFramebuffer) [IGFB][LOG  ][DISPLAY   ] Setting current mode to 0x80001000 and depth=0, bPortraitMode 0, bAnotherRun 0.
2026-10-07 15:00:10.291 Df (AppleIntelICLLPGraphicsFramebuffer) [IGFB][LOG  ][AGDC      ] Vendor info
2026-10-07 15:00:10.291 Df (AppleIntelICLLPGraphicsFramebuffer) [IGFB][LOG  ][AGDC      ] Vendor info
2026-10-07 15:00:10.291 Df (AppleIntelICLLPGraphicsFramebuffer) [IGFB][LOG  ][AGDC      ] Get GPU caps
2026-10-07 15:00:10.292 Df (AppleIntelICLLPGraphicsFramebuffer) [IGFB][LOG  ][AGDC      ] Vendor info
2026-10-07 15:00:10.294 Df (AppleIntelICLLPGraphicsFramebuffer) [IGFB][LOG  ][DISPLAY   ] getCurrentDisplayMode: FB=1 fCurrentMode = 0x80001000 fCurrentDepth = 0, fBootDisplay = 1.
2026-10-07 15:00:10.294 Df (AppleIntelICLLPGraphicsFramebuffer) [IGFB][LOG  ][DISPLAY   ] Setting current mode to 0x80001000 and depth=0, bPortraitMode 0, bAnotherRun 0.
2026-10-07 15:00:10.295 Df (AppleIntelICLLPGraphicsFramebuffer) [IGFB][LOG  ][DISPLAY   ] getCurrentDisplayMode: FB=1 fCurrentMode = 0x80001000 fCurrentDepth = 0, fBootDisplay = 1.
2026-10-07 15:00:10.295 Df (AppleIntelICLLPGraphicsFramebuffer) [IGFB][LOG  ][DISPLAY   ] Setting current mode to 0x80001000 and depth=0, bPortraitMode 0, bAnotherRun 0.
2026-10-07 15:00:10.295 Df (AppleIntelICLLPGraphicsFramebuffer) [IGFB][LOG  ][DISPLAY   ] getCurrentDisplayMode: FB=1 fCurrentMode = 0x80001000 fCurrentDepth = 0, fBootDisplay = 1.
2026-10-07 15:00:10.295 Df (AppleIntelICLLPGraphicsFramebuffer) [IGFB][LOG  ][DISPLAY   ] Setting current mode to 0x80001000 and depth=0, bPortraitMode 0, bAnotherRun 0.
2026-10-07 15:00:10.295 Df (AppleIntelICLLPGraphicsFramebuffer) [IGFB][LOG  ][DISPLAY   ] frameBufferNotificationcallback notification received on Fb 1 at time 34056726
2026-10-07 15:00:10.295 Df (AppleIntelICLLPGraphicsFramebuffer) [IGFB][LOG  ][DISPLAY   ] kIOFBNotifyDisplayModeWillChange notification received on fb 1
2026-10-07 15:00:10.296 Df (AppleIntelICLLPGraphicsFramebuffer) [IGFB][LOG  ][DISPLAY   ] Reporting Fake VBL for pipe 0 on Fb 1
2026-10-07 15:00:10.296 Df (AppleIntelICLLPGraphicsFramebuffer) [IGFB][LOG  ][DISPLAY   ] FB1: displayMode=80001000, depth=0, fOnline=1
2026-10-07 15:00:10.296 Df (AppleIntelICLLPGraphicsFramebuffer) [IGFB][LOG  ][DISPLAY   ] FB1: fOnline=1 aw=1920, ah=1280, sw=0, sh=0, iw=0, ih=0 pixelClock=164250000 VBLextention=0 pixelEncoding=1 BPC=2 colorimetry=1 dynamicRange=1
2026-10-07 15:00:10.296 Df (AppleIntelICLLPGraphicsFramebuffer) [IGFB][LOG  ][DISPLAY   ] Computing transform
2026-10-07 15:00:10.296 Df (AppleIntelICLLPGraphicsFramebuffer) [IGFB][LOG  ][DISPLAY   ] Pipe A: displayPath->fFitterWidth = 0x0
2026-10-07 15:00:10.296 Df (AppleIntelICLLPGraphicsFramebuffer) [IGFB][LOG  ][DISPLAY   ] Pipe A: displayPath->fLinkScanoutWidth = 0x780
2026-10-07 15:00:10.296 Df (AppleIntelICLLPGraphicsFramebuffer) [IGFB][LOG  ][DISPLAY   ] Pipe A: displayPath->fLinkScanoutHeight = 0x500
2026-10-07 15:00:10.296 Df (AppleIntelICLLPGraphicsFramebuffer) [IGFB][LOG  ][DISPLAY   ] Pipe A: displayPath->fLinkTimingWidth = 0x780
2026-10-07 15:00:10.296 Df (AppleIntelICLLPGraphicsFramebuffer) [IGFB][LOG  ][DISPLAY   ] Pipe A: displayPath->fLinkTimingHeight = 0x500
2026-10-07 15:00:10.296 Df (AppleIntelICLLPGraphicsFramebuffer) [IGFB][LOG  ][DISPLAY   ] Pipe A: displayPath->fLinkVerticalOffset = 0x0
2026-10-07 15:00:10.296 Df (AppleIntelICLLPGraphicsFramebuffer) [IGFB][LOG  ][DISPLAY   ] Pipe A: displayPath->fLinkHorizontalOffset = 0x0
2026-10-07 15:00:10.296 Df (AppleIntelICLLPGraphicsFramebuffer) [IGFB][INFO ][MODESET   ]  FB1: Setting hardware mode pipe A
2026-10-07 15:00:10.296 Df (AppleIntelICLLPGraphicsFramebuffer) [IGFB][INFO ][MODESET   ]  FB1: Enable GPU sub sampling: True
2026-10-07 15:00:10.296 Df (AppleIntelICLLPGraphicsFramebuffer) [IGFB][LOG  ][DISPLAY   ] hwDisableUnderrunInterrupts:Disabling Underrun Interrupts
2026-10-07 15:00:10.296 Df (AppleIntelICLLPGraphicsFramebuffer) [IGFB][LOG  ][DISPLAY   ] FB1: Setting up clocks
2026-10-07 15:00:10.296 Df (AppleIntelICLLPGraphicsFramebuffer) [IGFB][LOG  ][DISPLAY   ] Setting up clocks for DDI = 0
2026-10-07 15:00:10.296 Df (AppleIntelICLLPGraphicsFramebuffer) [IGFB][LOG  ][DISPLAY   ] (FB1:<private>, timing=<private>, params=<private>)
2026-10-07 15:00:10.296 Df (AppleIntelICLLPGraphicsFramebuffer) [IGFB][LOG  ][DISPLAY   ] timing ha=1920, va=1280
2026-10-07 15:00:10.296 Df (AppleIntelICLLPGraphicsFramebuffer) [IGFB][LOG  ][DISPLAY   ] timing hs=0, vs=0
2026-10-07 15:00:10.296 Df (AppleIntelICLLPGraphicsFramebuffer) [IGFB][LOG  ][DISPLAY   ] scalerFlags=0
2026-10-07 15:00:10.296 Df (AppleIntelICLLPGraphicsFramebuffer) [IGFB][LOG  ][DISPLAY   ] signalConfig=0
2026-10-07 15:00:10.296 Df (AppleIntelICLLPGraphicsFramebuffer) [IGFB][LOG  ][DISPLAY   ] vSyncConfig=0
2026-10-07 15:00:10.296 Df (AppleIntelICLLPGraphicsFramebuffer) [IGFB][LOG  ][DISPLAY   ] hSyncConfig=0
2026-10-07 15:00:10.296 Df (AppleIntelICLLPGraphicsFramebuffer) [IGFB][LOG  ][DISPLAY   ]  TRANS_HTOTAL     = 0x81f077f
2026-10-07 15:00:10.296 Df (AppleIntelICLLPGraphicsFramebuffer) [IGFB][LOG  ][DISPLAY   ]  TRANS_HBLANK     = 0x81f077f
2026-10-07 15:00:10.296 Df (AppleIntelICLLPGraphicsFramebuffer) [IGFB][LOG  ][DISPLAY   ]  TRANS_HSYNC      = 0x7cf07af
2026-10-07 15:00:10.296 Df (AppleIntelICLLPGraphicsFramebuffer) [IGFB][LOG  ][DISPLAY   ]  TRANS_VTOTAL     = 0x52404ff
2026-10-07 15:00:10.296 Df (AppleIntelICLLPGraphicsFramebuffer) [IGFB][LOG  ][DISPLAY   ]  TRANS_VBLANK     = 0x52404ff
2026-10-07 15:00:10.296 Df (AppleIntelICLLPGraphicsFramebuffer) [IGFB][LOG  ][DISPLAY   ]  TRANS_VSYNC      = 0x50c0502
2026-10-07 15:00:10.296 Df (AppleIntelICLLPGraphicsFramebuffer) [IGFB][LOG  ][DISPLAY   ]  TRANS_VSYNCSHIFT = 0x0
2026-10-07 15:00:10.296 Df (AppleIntelICLLPGraphicsFramebuffer) [IGFB][LOG  ][MODESET   ] FB1: setting up params for pipe A
2026-10-07 15:00:10.296 Df (AppleIntelICLLPGraphicsFramebuffer) [IGFB][LOG  ][MODESET   ] TRANS_CLK_SEL = 0x0
2026-10-07 15:00:10.296 Df (AppleIntelICLLPGraphicsFramebuffer) [IGFB][LOG  ][MODESET   ] PIPE_SRCSZ = 0x77f04ff
2026-10-07 15:00:10.296 Df (AppleIntelICLLPGraphicsFramebuffer) [IGFB][LOG  ][MODESET   ] Encoder bits per color is 8
2026-10-07 15:00:10.296 Df (AppleIntelICLLPGraphicsFramebuffer) [IGFB][LOG  ][MODESET   ] Pixel encoding is RGB
2026-10-07 15:00:10.296 Df (AppleIntelICLLPGraphicsFramebuffer) [IGFB][LOG  ][MODESET   ] TRANS_MSA_MISC = 0x21
2026-10-07 15:00:10.296 Df (AppleIntelICLLPGraphicsFramebuffer) [IGFB][LOG  ][MODESET   ] Dither is enabled in pipe misc
2026-10-07 15:00:10.296 Df (AppleIntelICLLPGraphicsFramebuffer) [IGFB][LOG  ][DISPLAY   ] fCurrentCDClockFrequency = 1305600000, fPendingCDClockFrequency = 1305600000
2026-10-07 15:00:10.296 Df (AppleIntelICLLPGraphicsFramebuffer) [IGFB][LOG  ][DISPLAY   ] FB1: pixelClock=164250000, linkSymbolClock=270000000, colorDepth=24, noLanes=2
2026-10-07 15:00:10.296 Df (AppleIntelICLLPGraphicsFramebuffer) [IGFB][LOG  ][DISPLAY   ] DataM value: 0x74cccd
2026-10-07 15:00:10.296 Df (AppleIntelICLLPGraphicsFramebuffer) [IGFB][LOG  ][DISPLAY   ] LinkM value: 0x4dddd
2026-10-07 15:00:10.296 Df (AppleIntelICLLPGraphicsFramebuffer) [IGFB][LOG  ][DISPLAY   ] Calculated -> DataM1=0x7e74cccd, DataN1=0x800000, LinkM1=0x4dddd, LinkN1=0x80000
2026-10-07 15:00:10.296 Df (AppleIntelICLLPGraphicsFramebuffer) [IGFB][LOG  ][MODESET   ] Panel Fitter Enable OFF->OFF
2026-10-07 15:00:10.296 Df (AppleIntelICLLPGraphicsFramebuffer) [IGFB][LOG  ][MODESET   ] FB1: Partial modeset by updating plane
2026-10-07 15:00:10.296 Df (AppleIntelICLLPGraphicsFramebuffer) [IGFB][LOG  ][VRR       ] FB1: verticalBlankingExtension = 0x0 IsVRRSupported = 0x1 Bail !!!
2026-10-07 15:00:10.296 Df (AppleIntelICLLPGraphicsFramebuffer) [IGFB][LOG  ][DISPLAY   ] hwEnableUnderrunInterrupts: Enabling underrun interrupts
2026-10-07 15:00:10.296 Df (AppleIntelICLLPGraphicsFramebuffer) [IGFB][LOG  ][MODESET   ] FB1: Setting display mode 1920 x 1280 -> 0 x 0 at 164250000 Hz encoded with 0x1 2 bpc with color 1 and range 1
2026-10-07 15:00:10.296 Df (AppleIntelICLLPGraphicsFramebuffer) [IGFB][LOG  ][DISPLAY   ] getCurrentDisplayMode: FB=1 fCurrentMode = 0x80001000 fCurrentDepth = 0, fBootDisplay = 1.
2026-10-07 15:00:10.296 Df (AppleIntelICLLPGraphicsFramebuffer) [IGFB][LOG  ][DISPLAY   ] Setting current mode to 0x80001000 and depth=0, bPortraitMode 0, bAnotherRun 0.
2026-10-07 15:00:10.296 Df (AppleIntelICLLPGraphicsFramebuffer) [IGFB][LOG  ][DISPLAY   ] frameBufferNotificationcallback notification received on Fb 1 at time 34058329
2026-10-07 15:00:10.296 Df (AppleIntelICLLPGraphicsFramebuffer) [IGFB][LOG  ][DISPLAY   ] kIOFBNotifyDisplayModeDidChange notification received on fb 1
2026-10-07 15:00:10.296 Df (AppleIntelICLLPGraphicsFramebuffer) [IGFB][LOG  ][DISPLAY   ] TxnHang1: FB1: FrameBufferNotificationCallback received. Event = 2. fTransactionState = kTransComplete, fLiveState = kTransLive
2026-10-07 15:00:10.296 Df (AppleIntelICLLPGraphicsFramebuffer) [IGFB][LOG  ][DISPLAY   ] Reporting Fake VBL for pipe 0 on Fb 1
2026-10-07 15:00:10.300 Df (AppleIntelICLLPGraphicsFramebuffer) [IGFB][LOG  ][AGDC      ] Vendor info
2026-10-07 15:00:10.300 Df (AppleIntelICLLPGraphicsFramebuffer) [IGFB][LOG  ][AGDC      ] Vendor info
2026-10-07 15:00:10.300 Df (AppleIntelICLLPGraphicsFramebuffer) [IGFB][LOG  ][AGDC      ] Get GPU caps
2026-10-07 15:00:10.301 Df (AppleIntelICLLPGraphicsFramebuffer) [IGFB][LOG  ][AGDC      ] Vendor info
2026-10-07 15:00:10.306 Df (AppleIntelICLLPGraphicsFramebuffer) [IGFB][LOG  ][AGDC      ] Vendor info
2026-10-07 15:00:10.321 Df (AppleIntelICLLPGraphicsFramebuffer) [IGFB][LOG  ][DISPLAY   ] getCurrentDisplayMode: FB=1 fCurrentMode = 0x80001000 fCurrentDepth = 0, fBootDisplay = 1.
2026-10-07 15:00:10.321 Df (AppleIntelICLLPGraphicsFramebuffer) [IGFB][LOG  ][DISPLAY   ] Setting current mode to 0x80001000 and depth=0, bPortraitMode 0, bAnotherRun 0.
2026-10-07 15:00:10.322 Df (AppleIntelICLLPGraphicsFramebuffer) [IGFB][LOG  ][DISPLAY   ] getCurrentDisplayMode: FB=1 fCurrentMode = 0x80001000 fCurrentDepth = 0, fBootDisplay = 1.
2026-10-07 15:00:10.322 Df (AppleIntelICLLPGraphicsFramebuffer) [IGFB][LOG  ][DISPLAY   ] Setting current mode to 0x80001000 and depth=0, bPortraitMode 0, bAnotherRun 0.
2026-10-07 15:00:10.322 Df (AppleIntelICLLPGraphicsFramebuffer) [IGFB][LOG  ][DISPLAY   ] getCurrentDisplayMode: FB=1 fCurrentMode = 0x80001000 fCurrentDepth = 0, fBootDisplay = 1.
2026-10-07 15:00:10.322 Df (AppleIntelICLLPGraphicsFramebuffer) [IGFB][LOG  ][DISPLAY   ] Setting current mode to 0x80001000 and depth=0, bPortraitMode 0, bAnotherRun 0.
2026-10-07 15:00:10.323 Df (AppleIntelICLLPGraphicsFramebuffer) [IGFB][LOG  ][DISPLAY   ] getCurrentDisplayMode: FB=1 fCurrentMode = 0x80001000 fCurrentDepth = 0, fBootDisplay = 1.
2026-10-07 15:00:10.323 Df (AppleIntelICLLPGraphicsFramebuffer) [IGFB][LOG  ][DISPLAY   ] Setting current mode to 0x80001000 and depth=0, bPortraitMode 0, bAnotherRun 0.
2026-10-07 15:00:10.323 Df (AppleIntelICLLPGraphicsFramebuffer) [IGFB][LOG  ][DISPLAY   ] getCurrentDisplayMode: FB=1 fCurrentMode = 0x80001000 fCurrentDepth = 0, fBootDisplay = 1.
2026-10-07 15:00:10.323 Df (AppleIntelICLLPGraphicsFramebuffer) [IGFB][LOG  ][DISPLAY   ] Setting current mode to 0x80001000 and depth=0, bPortraitMode 0, bAnotherRun 0.
2026-10-07 15:00:10.324 Df (AppleIntelICLLPGraphicsFramebuffer) [IGFB][LOG  ][DISPLAY   ] getCurrentDisplayMode: FB=1 fCurrentMode = 0x80001000 fCurrentDepth = 0, fBootDisplay = 1.
2026-10-07 15:00:10.324 Df (AppleIntelICLLPGraphicsFramebuffer) [IGFB][LOG  ][DISPLAY   ] Setting current mode to 0x80001000 and depth=0, bPortraitMode 0, bAnotherRun 0.
2026-10-07 15:00:10.324 Df (AppleIntelICLLPGraphicsFramebuffer) [IGFB][LOG  ][DISPLAY   ] getCurrentDisplayMode: FB=1 fCurrentMode = 0x80001000 fCurrentDepth = 0, fBootDisplay = 1.
2026-10-07 15:00:10.324 Df (AppleIntelICLLPGraphicsFramebuffer) [IGFB][LOG  ][DISPLAY   ] Setting current mode to 0x80001000 and depth=0, bPortraitMode 0, bAnotherRun 0.
2026-10-07 15:00:10.324 Df (AppleIntelICLLPGraphicsFramebuffer) [IGFB][LOG  ][DISPLAY   ] getCurrentDisplayMode: FB=1 fCurrentMode = 0x80001000 fCurrentDepth = 0, fBootDisplay = 1.
2026-10-07 15:00:10.324 Df (AppleIntelICLLPGraphicsFramebuffer) [IGFB][LOG  ][DISPLAY   ] Setting current mode to 0x80001000 and depth=0, bPortraitMode 0, bAnotherRun 0.
2026-10-07 15:00:10.326 Df (AppleIntelICLLPGraphicsFramebuffer) [IGFB][LOG  ][DISPLAY   ] getCurrentDisplayMode: FB=1 fCurrentMode = 0x80001000 fCurrentDepth = 0, fBootDisplay = 1.
2026-10-07 15:00:10.326 Df (AppleIntelICLLPGraphicsFramebuffer) [IGFB][LOG  ][DISPLAY   ] Setting current mode to 0x80001000 and depth=0, bPortraitMode 0, bAnotherRun 0.
2026-10-07 15:00:10.490 Df (AppleIntelICLLPGraphicsFramebuffer) [IGFB][LOG  ][DISPLAY   ] getCurrentDisplayMode: FB=1 fCurrentMode = 0x80001000 fCurrentDepth = 0, fBootDisplay = 1.
2026-10-07 15:00:10.490 Df (AppleIntelICLLPGraphicsFramebuffer) [IGFB][LOG  ][DISPLAY   ] Setting current mode to 0x80001000 and depth=0, bPortraitMode 0, bAnotherRun 0.
2026-10-07 15:00:10.490 Df (AppleIntelICLLPGraphicsFramebuffer) [IGFB][LOG  ][DISPLAY   ] frameBufferNotificationcallback notification received on Fb 1 at time 34251725
2026-10-07 15:00:10.490 Df (AppleIntelICLLPGraphicsFramebuffer) [IGFB][LOG  ][DISPLAY   ] kIOFBNotifyDisplayModeWillChange notification received on fb 1
2026-10-07 15:00:10.491 Df (AppleIntelICLLPGraphicsFramebuffer) [IGFB][LOG  ][DISPLAY   ] Reporting Fake VBL for pipe 0 on Fb 1
2026-10-07 15:00:10.491 Df (AppleIntelICLLPGraphicsFramebuffer) [IGFB][LOG  ][DISPLAY   ] FB1: displayMode=80001000, depth=0, fOnline=1
2026-10-07 15:00:10.491 Df (AppleIntelICLLPGraphicsFramebuffer) [IGFB][LOG  ][DISPLAY   ] FB1: fOnline=1 aw=1920, ah=1280, sw=0, sh=0, iw=0, ih=0 pixelClock=164250000 VBLextention=0 pixelEncoding=1 BPC=2 colorimetry=1 dynamicRange=1
2026-10-07 15:00:10.491 Df (AppleIntelICLLPGraphicsFramebuffer) [IGFB][LOG  ][DISPLAY   ] Computing transform
2026-10-07 15:00:10.491 Df (AppleIntelICLLPGraphicsFramebuffer) [IGFB][LOG  ][DISPLAY   ] Pipe A: displayPath->fFitterWidth = 0x0
2026-10-07 15:00:10.491 Df (AppleIntelICLLPGraphicsFramebuffer) [IGFB][LOG  ][DISPLAY   ] Pipe A: displayPath->fLinkScanoutWidth = 0x780
2026-10-07 15:00:10.491 Df (AppleIntelICLLPGraphicsFramebuffer) [IGFB][LOG  ][DISPLAY   ] Pipe A: displayPath->fLinkScanoutHeight = 0x500
2026-10-07 15:00:10.491 Df (AppleIntelICLLPGraphicsFramebuffer) [IGFB][LOG  ][DISPLAY   ] Pipe A: displayPath->fLinkTimingWidth = 0x780
2026-10-07 15:00:10.491 Df (AppleIntelICLLPGraphicsFramebuffer) [IGFB][LOG  ][DISPLAY   ] Pipe A: displayPath->fLinkTimingHeight = 0x500
2026-10-07 15:00:10.491 Df (AppleIntelICLLPGraphicsFramebuffer) [IGFB][LOG  ][DISPLAY   ] Pipe A: displayPath->fLinkVerticalOffset = 0x0
2026-10-07 15:00:10.491 Df (AppleIntelICLLPGraphicsFramebuffer) [IGFB][LOG  ][DISPLAY   ] Pipe A: displayPath->fLinkHorizontalOffset = 0x0
2026-10-07 15:00:10.491 Df (AppleIntelICLLPGraphicsFramebuffer) [IGFB][INFO ][MODESET   ]  FB1: Setting hardware mode pipe A
2026-10-07 15:00:10.491 Df (AppleIntelICLLPGraphicsFramebuffer) [IGFB][INFO ][MODESET   ]  FB1: Enable GPU sub sampling: True
2026-10-07 15:00:10.491 Df (AppleIntelICLLPGraphicsFramebuffer) [IGFB][LOG  ][DISPLAY   ] hwDisableUnderrunInterrupts:Disabling Underrun Interrupts
2026-10-07 15:00:10.491 Df (AppleIntelICLLPGraphicsFramebuffer) [IGFB][LOG  ][DISPLAY   ] FB1: Setting up clocks
2026-10-07 15:00:10.491 Df (AppleIntelICLLPGraphicsFramebuffer) [IGFB][LOG  ][DISPLAY   ] Setting up clocks for DDI = 0
2026-10-07 15:00:10.491 Df (AppleIntelICLLPGraphicsFramebuffer) [IGFB][LOG  ][DISPLAY   ] (FB1:<private>, timing=<private>, params=<private>)
2026-10-07 15:00:10.491 Df (AppleIntelICLLPGraphicsFramebuffer) [IGFB][LOG  ][DISPLAY   ] timing ha=1920, va=1280
2026-10-07 15:00:10.491 Df (AppleIntelICLLPGraphicsFramebuffer) [IGFB][LOG  ][DISPLAY   ] timing hs=0, vs=0
2026-10-07 15:00:10.491 Df (AppleIntelICLLPGraphicsFramebuffer) [IGFB][LOG  ][DISPLAY   ] scalerFlags=0
2026-10-07 15:00:10.491 Df (AppleIntelICLLPGraphicsFramebuffer) [IGFB][LOG  ][DISPLAY   ] signalConfig=0
2026-10-07 15:00:10.491 Df (AppleIntelICLLPGraphicsFramebuffer) [IGFB][LOG  ][DISPLAY   ] vSyncConfig=0
2026-10-07 15:00:10.491 Df (AppleIntelICLLPGraphicsFramebuffer) [IGFB][LOG  ][DISPLAY   ] hSyncConfig=0
2026-10-07 15:00:10.491 Df (AppleIntelICLLPGraphicsFramebuffer) [IGFB][LOG  ][DISPLAY   ]  TRANS_HTOTAL     = 0x81f077f
2026-10-07 15:00:10.491 Df (AppleIntelICLLPGraphicsFramebuffer) [IGFB][LOG  ][DISPLAY   ]  TRANS_HBLANK     = 0x81f077f
2026-10-07 15:00:10.491 Df (AppleIntelICLLPGraphicsFramebuffer) [IGFB][LOG  ][DISPLAY   ]  TRANS_HSYNC      = 0x7cf07af
2026-10-07 15:00:10.491 Df (AppleIntelICLLPGraphicsFramebuffer) [IGFB][LOG  ][DISPLAY   ]  TRANS_VTOTAL     = 0x52404ff
2026-10-07 15:00:10.491 Df (AppleIntelICLLPGraphicsFramebuffer) [IGFB][LOG  ][DISPLAY   ]  TRANS_VBLANK     = 0x52404ff
2026-10-07 15:00:10.491 Df (AppleIntelICLLPGraphicsFramebuffer) [IGFB][LOG  ][DISPLAY   ]  TRANS_VSYNC      = 0x50c0502
2026-10-07 15:00:10.491 Df (AppleIntelICLLPGraphicsFramebuffer) [IGFB][LOG  ][DISPLAY   ]  TRANS_VSYNCSHIFT = 0x0
2026-10-07 15:00:10.491 Df (AppleIntelICLLPGraphicsFramebuffer) [IGFB][LOG  ][MODESET   ] FB1: setting up params for pipe A
2026-10-07 15:00:10.491 Df (AppleIntelICLLPGraphicsFramebuffer) [IGFB][LOG  ][MODESET   ] TRANS_CLK_SEL = 0x0
2026-10-07 15:00:10.491 Df (AppleIntelICLLPGraphicsFramebuffer) [IGFB][LOG  ][MODESET   ] PIPE_SRCSZ = 0x77f04ff
2026-10-07 15:00:10.491 Df (AppleIntelICLLPGraphicsFramebuffer) [IGFB][LOG  ][MODESET   ] Encoder bits per color is 8
2026-10-07 15:00:10.491 Df (AppleIntelICLLPGraphicsFramebuffer) [IGFB][LOG  ][MODESET   ] Pixel encoding is RGB
2026-10-07 15:00:10.491 Df (AppleIntelICLLPGraphicsFramebuffer) [IGFB][LOG  ][MODESET   ] TRANS_MSA_MISC = 0x21
2026-10-07 15:00:10.491 Df (AppleIntelICLLPGraphicsFramebuffer) [IGFB][LOG  ][MODESET   ] Dither is enabled in pipe misc
2026-10-07 15:00:10.491 Df (AppleIntelICLLPGraphicsFramebuffer) [IGFB][LOG  ][DISPLAY   ] fCurrentCDClockFrequency = 1305600000, fPendingCDClockFrequency = 1305600000
2026-10-07 15:00:10.491 Df (AppleIntelICLLPGraphicsFramebuffer) [IGFB][LOG  ][DISPLAY   ] FB1: pixelClock=164250000, linkSymbolClock=270000000, colorDepth=24, noLanes=2
2026-10-07 15:00:10.491 Df (AppleIntelICLLPGraphicsFramebuffer) [IGFB][LOG  ][DISPLAY   ] DataM value: 0x74cccd
2026-10-07 15:00:10.491 Df (AppleIntelICLLPGraphicsFramebuffer) [IGFB][LOG  ][DISPLAY   ] LinkM value: 0x4dddd
2026-10-07 15:00:10.491 Df (AppleIntelICLLPGraphicsFramebuffer) [IGFB][LOG  ][DISPLAY   ] Calculated -> DataM1=0x7e74cccd, DataN1=0x800000, LinkM1=0x4dddd, LinkN1=0x80000
2026-10-07 15:00:10.491 Df (AppleIntelICLLPGraphicsFramebuffer) [IGFB][LOG  ][MODESET   ] Panel Fitter Enable OFF->OFF
2026-10-07 15:00:10.491 Df (AppleIntelICLLPGraphicsFramebuffer) [IGFB][LOG  ][MODESET   ] FB1: Partial modeset by updating plane
2026-10-07 15:00:10.491 Df (AppleIntelICLLPGraphicsFramebuffer) [IGFB][LOG  ][VRR       ] FB1: verticalBlankingExtension = 0x0 IsVRRSupported = 0x1 Bail !!!
2026-10-07 15:00:10.491 Df (AppleIntelICLLPGraphicsFramebuffer) [IGFB][LOG  ][DISPLAY   ] hwEnableUnderrunInterrupts: Enabling underrun interrupts
2026-10-07 15:00:10.491 Df (AppleIntelICLLPGraphicsFramebuffer) [IGFB][LOG  ][MODESET   ] FB1: Setting display mode 1920 x 1280 -> 0 x 0 at 164250000 Hz encoded with 0x1 2 bpc with color 1 and range 1
2026-10-07 15:00:10.491 Df (AppleIntelICLLPGraphicsFramebuffer) [IGFB][LOG  ][DISPLAY   ] getCurrentDisplayMode: FB=1 fCurrentMode = 0x80001000 fCurrentDepth = 0, fBootDisplay = 1.
2026-10-07 15:00:10.491 Df (AppleIntelICLLPGraphicsFramebuffer) [IGFB][LOG  ][DISPLAY   ] Setting current mode to 0x80001000 and depth=0, bPortraitMode 0, bAnotherRun 0.
2026-10-07 15:00:10.491 Df (AppleIntelICLLPGraphicsFramebuffer) [IGFB][LOG  ][DISPLAY   ] frameBufferNotificationcallback notification received on Fb 1 at time 34253355
2026-10-07 15:00:10.491 Df (AppleIntelICLLPGraphicsFramebuffer) [IGFB][LOG  ][DISPLAY   ] kIOFBNotifyDisplayModeDidChange notification received on fb 1
2026-10-07 15:00:10.491 Df (AppleIntelICLLPGraphicsFramebuffer) [IGFB][LOG  ][DISPLAY   ] TxnHang1: FB1: FrameBufferNotificationCallback received. Event = 2. fTransactionState = kTransComplete, fLiveState = kTransLive
2026-10-07 15:00:10.491 Df (AppleIntelICLLPGraphicsFramebuffer) [IGFB][LOG  ][DISPLAY   ] Reporting Fake VBL for pipe 0 on Fb 1
2026-10-07 15:00:10.493 Df (AppleIntelICLLPGraphicsFramebuffer) [IGFB][LOG  ][AGDC      ] Get callback caps
2026-10-07 15:00:10.494 Df (AppleIntelICLLPGraphicsFramebuffer) [IGFB][LOG  ][AGDC      ] Vendor info
2026-10-07 15:00:10.494 Df (AppleIntelICLLPGraphicsFramebuffer) [IGFB][LOG  ][AGDC      ] Get GPU caps
2026-10-07 15:00:10.495 Df (AppleIntelICLLPGraphicsFramebuffer) [IGFB][LOG  ][AGDC      ] Get link config
2026-10-07 15:00:10.495 Df (AppleIntelICLLPGraphicsFramebuffer) [IGFB][LOG  ][DISPLAY   ] AGDC FB0 fOnline = 0 bootdisplay = 0
2026-10-07 15:00:10.495 Df (AppleIntelICLLPGraphicsFramebuffer) [IGFB][LOG  ][DISPLAY   ] FB0 reported as online to AGDC
2026-10-07 15:00:10.495 Df (AppleIntelICLLPGraphicsFramebuffer) [IGFB][LOG  ][AGDC      ] Get link config
2026-10-07 15:00:10.495 Df (AppleIntelICLLPGraphicsFramebuffer) [IGFB][LOG  ][DISPLAY   ] AGDC FB1 fOnline = 1 bootdisplay = 1
2026-10-07 15:00:10.495 Df (AppleIntelICLLPGraphicsFramebuffer) [IGFB][LOG  ][DISPLAY   ] FB1 reported as online to AGDC
2026-10-07 15:00:10.495 Df (AppleIntelICLLPGraphicsFramebuffer) [IGFB][LOG  ][AGDC      ] Get link config
2026-10-07 15:00:10.495 Df (AppleIntelICLLPGraphicsFramebuffer) [IGFB][LOG  ][DISPLAY   ] AGDC FB2 fOnline = 0 bootdisplay = 0
2026-10-07 15:00:10.496 Df (AppleIntelICLLPGraphicsFramebuffer) [IGFB][LOG  ][AGDC      ] Port enable
2026-10-07 15:00:10.496 Df (AppleIntelICLLPGraphicsFramebuffer) [IGFB][LOG  ][DISPLAY   ] Port Enable for port index 0 with state = 1
2026-10-07 15:00:10.496 Df (AppleIntelICLLPGraphicsFramebuffer) [IGFB][LOG  ][AGDC      ] Get port caps
2026-10-07 15:00:10.496 Df (AppleIntelICLLPGraphicsFramebuffer) [IGFB][LOG  ][DISPLAY   ] Getting port caps for port 0
2026-10-07 15:00:10.546 Df (AppleIntelICLLPGraphicsFramebuffer) [IGFB][LOG  ][DISPLAY   ] getCurrentDisplayMode: FB=1 fCurrentMode = 0x80001000 fCurrentDepth = 0, fBootDisplay = 1.
2026-10-07 15:00:10.546 Df (AppleIntelICLLPGraphicsFramebuffer) [IGFB][LOG  ][DISPLAY   ] Setting current mode to 0x80001000 and depth=0, bPortraitMode 0, bAnotherRun 0.
2026-10-07 15:00:10.563 Df (AppleIntelICLLPGraphicsFramebuffer) [IGFB][LOG  ][DISPLAY   ] getCurrentDisplayMode: FB=1 fCurrentMode = 0x80001000 fCurrentDepth = 0, fBootDisplay = 1.
2026-10-07 15:00:10.563 Df (AppleIntelICLLPGraphicsFramebuffer) [IGFB][LOG  ][DISPLAY   ] Setting current mode to 0x80001000 and depth=0, bPortraitMode 0, bAnotherRun 0.
2026-10-07 15:00:10.564 Df (AppleIntelICLLPGraphicsFramebuffer) [IGFB][LOG  ][DISPLAY   ] getCurrentDisplayMode: FB=1 fCurrentMode = 0x80001000 fCurrentDepth = 0, fBootDisplay = 1.
2026-10-07 15:00:10.564 Df (AppleIntelICLLPGraphicsFramebuffer) [IGFB][LOG  ][DISPLAY   ] Setting current mode to 0x80001000 and depth=0, bPortraitMode 0, bAnotherRun 0.
2026-10-07 15:00:10.564 Df (AppleIntelICLLPGraphicsFramebuffer) [IGFB][LOG  ][DISPLAY   ] getCurrentDisplayMode: FB=1 fCurrentMode = 0x80001000 fCurrentDepth = 0, fBootDisplay = 1.
2026-10-07 15:00:10.564 Df (AppleIntelICLLPGraphicsFramebuffer) [IGFB][LOG  ][DISPLAY   ] Setting current mode to 0x80001000 and depth=0, bPortraitMode 0, bAnotherRun 0.
2026-10-07 15:00:10.567 Df (AppleIntelICLLPGraphicsFramebuffer) [IGFB][ERROR][DISPLAY   ] Display Pipe Underrun occurred on pipe(s) A
2026-10-07 15:00:10.567 Df [   34.328866]: [IGFB][LOG  ][DISPLAY   ] fNumofSuccessiveUnderruns is  1
2026-10-07 15:00:10.567 Df [   34.328868]: [IGFB][LOG  ][DISPLAY   ] First underrun reported at 34328
2026-10-07 15:00:10.567 Df [   34.328872]: [IGFB][LOG  ][DISPLAY   ] fNumofSuccessiveUnderruns is  2
2026-10-07 15:00:10.567 Df [   34.328875]: [IGFB][LOG  ][DISPLAY   ] fNumofSuccessiveUnderruns is  3
2026-10-07 15:00:10.567 Df [   34.328877]: [IGFB][LOG  ][DISPLAY   ] fNumofSuccessiveUnderruns is  4
2026-10-07 15:00:10.567 Df [   34.328879]: [IGFB][LOG  ][DISPLAY   ] Disabling Underrun due to more than 2 underruns in 50 ms
2026-10-07 15:00:10.567 Df [   34.328880]: [IGFB][LOG  ][DISPLAY   ] hwDisableUnderrunInterrupts:Disabling Underrun Interrupts
2026-10-07 15:00:10.567 Df (AppleIntelICLLPGraphicsFramebuffer) [IGFB][ERROR][DISPLAY   ] Display pipe underrun occurred on pipe(s) A
2026-10-07 15:00:10.567 Df (AppleIntelICLLPGraphicsFramebuffer) [IGFB][ERROR][DISPLAY   ] Display Pipe Underrun occurred on pipe(s) A
2026-10-07 15:00:10.567 Df (AppleIntelICLLPGraphicsFramebuffer) [IGFB][ERROR][DISPLAY   ] Display pipe underrun occurred on pipe(s) A
2026-10-07 15:00:11.140 Df (AppleIntelICLLPGraphicsFramebuffer) [IGFB][LOG  ][AGDC      ] Get port caps
2026-10-07 15:00:11.140 Df (AppleIntelICLLPGraphicsFramebuffer) [IGFB][LOG  ][DISPLAY   ] Getting port caps for port 0
2026-10-07 15:00:11.621 Df (AppleIntelICLLPGraphicsFramebuffer) [IGFB][LOG  ][AGDC      ] Get callback caps
2026-10-07 15:00:11.621 Df (AppleIntelICLLPGraphicsFramebuffer) [IGFB][LOG  ][AGDC      ] Vendor info
2026-10-07 15:00:11.621 Df (AppleIntelICLLPGraphicsFramebuffer) [IGFB][LOG  ][AGDC      ] Get GPU caps
2026-10-07 15:00:11.622 Df (AppleIntelICLLPGraphicsFramebuffer) [IGFB][LOG  ][AGDC      ] Get link config
2026-10-07 15:00:11.622 Df (AppleIntelICLLPGraphicsFramebuffer) [IGFB][LOG  ][DISPLAY   ] AGDC FB0 fOnline = 0 bootdisplay = 0
2026-10-07 15:00:11.622 Df (AppleIntelICLLPGraphicsFramebuffer) [IGFB][LOG  ][DISPLAY   ] FB0 reported as online to AGDC
2026-10-07 15:00:11.622 Df (AppleIntelICLLPGraphicsFramebuffer) [IGFB][LOG  ][AGDC      ] Get link config
2026-10-07 15:00:11.622 Df (AppleIntelICLLPGraphicsFramebuffer) [IGFB][LOG  ][DISPLAY   ] AGDC FB1 fOnline = 1 bootdisplay = 1
2026-10-07 15:00:11.622 Df (AppleIntelICLLPGraphicsFramebuffer) [IGFB][LOG  ][DISPLAY   ] FB1 reported as online to AGDC
2026-10-07 15:00:11.622 Df (AppleIntelICLLPGraphicsFramebuffer) [IGFB][LOG  ][AGDC      ] Get link config
2026-10-07 15:00:11.622 Df (AppleIntelICLLPGraphicsFramebuffer) [IGFB][LOG  ][DISPLAY   ] AGDC FB2 fOnline = 0 bootdisplay = 0
2026-10-07 15:00:11.623 Df (AppleIntelICLLPGraphicsFramebuffer) [IGFB][LOG  ][AGDC      ] Port enable
2026-10-07 15:00:11.623 Df (AppleIntelICLLPGraphicsFramebuffer) [IGFB][LOG  ][DISPLAY   ] Port Enable for port index 0 with state = 1
2026-10-07 15:00:11.623 Df (AppleIntelICLLPGraphicsFramebuffer) [IGFB][LOG  ][AGDC      ] Get port caps
2026-10-07 15:00:11.623 Df (AppleIntelICLLPGraphicsFramebuffer) [IGFB][LOG  ][DISPLAY   ] Getting port caps for port 0
2026-10-07 15:00:12.229 Df (AppleIntelICLLPGraphicsFramebuffer) [IGFB][LOG  ][AGDC      ] Get port caps
2026-10-07 15:00:12.229 Df (AppleIntelICLLPGraphicsFramebuffer) [IGFB][LOG  ][DISPLAY   ] Getting port caps for port 0
2026-10-07 15:00:14.103 Df (AppleIntelICLLPGraphicsFramebuffer) [IGFB][LOG  ][TRANSACTION] [Gamma_Transaction] FB1: Setting gamma ramp of 1024 points as below with transaction state 0
2026-10-07 15:00:14.103 Df (AppleIntelICLLPGraphicsFramebuffer) [IGFB][LOG  ][TRANSACTION] [Gamma_Transaction] Red Channel : 0 ... 341 ... 682 ... 1023
2026-10-07 15:00:14.103 Df (AppleIntelICLLPGraphicsFramebuffer) [IGFB][LOG  ][TRANSACTION] [Gamma_Transaction] Green Channel : 0 ... 341 ... 682 ... 1023
2026-10-07 15:00:14.103 Df (AppleIntelICLLPGraphicsFramebuffer) [IGFB][LOG  ][TRANSACTION] [Gamma_Transaction] Blue Channel : 0 ... 341 ... 682 ... 1023
2026-10-07 15:00:15.274 Df (AppleIntelICLLPGraphicsFramebuffer) [IGFB][LOG  ][PANEL     ] [key:0x100/on:1] fPSREnablekeys: 0x00000edd -> 0x00000fdd (fullset:0x00001fff)
2026-10-07 15:00:15.720 Df (AppleIntelICLLPGraphicsFramebuffer) [IGFB][LOG  ][TRANSACTION] [Gamma_Transaction] FB1: Setting gamma ramp of 1024 points as below with transaction state 0
2026-10-07 15:00:15.720 Df (AppleIntelICLLPGraphicsFramebuffer) [IGFB][LOG  ][TRANSACTION] [Gamma_Transaction] Red Channel : 0 ... 341 ... 682 ... 1023
2026-10-07 15:00:15.720 Df (AppleIntelICLLPGraphicsFramebuffer) [IGFB][LOG  ][TRANSACTION] [Gamma_Transaction] Green Channel : 0 ... 341 ... 682 ... 1023
2026-10-07 15:00:15.720 Df (AppleIntelICLLPGraphicsFramebuffer) [IGFB][LOG  ][TRANSACTION] [Gamma_Transaction] Blue Channel : 0 ... 341 ... 682 ... 1023
2026-10-07 15:00:16.504 Df (AppleIntelICLLPGraphicsFramebuffer) [IGFB][LOG  ][TRANSACTION] [Gamma_Transaction] FB1: Setting gamma ramp of 1024 points as below with transaction state 0
2026-10-07 15:00:16.504 Df (AppleIntelICLLPGraphicsFramebuffer) [IGFB][LOG  ][TRANSACTION] [Gamma_Transaction] Red Channel : 0 ... 341 ... 682 ... 1023
2026-10-07 15:00:16.504 Df (AppleIntelICLLPGraphicsFramebuffer) [IGFB][LOG  ][TRANSACTION] [Gamma_Transaction] Green Channel : 0 ... 341 ... 682 ... 1023
2026-10-07 15:00:16.504 Df (AppleIntelICLLPGraphicsFramebuffer) [IGFB][LOG  ][TRANSACTION] [Gamma_Transaction] Blue Channel : 0 ... 341 ... 682 ... 1023
2026-10-07 15:00:17.538 Df (AppleIntelICLLPGraphicsFramebuffer) [IGFB][LOG  ][TRANSACTION] [Gamma_Transaction] FB1: Setting gamma ramp of 1024 points as below with transaction state 0
2026-10-07 15:00:17.538 Df (AppleIntelICLLPGraphicsFramebuffer) [IGFB][LOG  ][TRANSACTION] [Gamma_Transaction] Red Channel : 0 ... 341 ... 682 ... 1023
2026-10-07 15:00:17.538 Df (AppleIntelICLLPGraphicsFramebuffer) [IGFB][LOG  ][TRANSACTION] [Gamma_Transaction] Green Channel : 0 ... 341 ... 682 ... 1023
2026-10-07 15:00:17.538 Df (AppleIntelICLLPGraphicsFramebuffer) [IGFB][LOG  ][TRANSACTION] [Gamma_Transaction] Blue Channel : 0 ... 341 ... 682 ... 1023
2026-10-07 15:00:21.730 Df (AppleIntelICLLPGraphicsFramebuffer) [IGFB][LOG  ][AGDC      ] Get callback caps
2026-10-07 15:00:21.731 Df (AppleIntelICLLPGraphicsFramebuffer) [IGFB][LOG  ][AGDC      ] Vendor info
2026-10-07 15:00:21.731 Df (AppleIntelICLLPGraphicsFramebuffer) [IGFB][LOG  ][AGDC      ] Get GPU caps
2026-10-07 15:00:21.731 Df (AppleIntelICLLPGraphicsFramebuffer) [IGFB][LOG  ][AGDC      ] Get link config
2026-10-07 15:00:21.731 Df (AppleIntelICLLPGraphicsFramebuffer) [IGFB][LOG  ][DISPLAY   ] AGDC FB0 fOnline = 0 bootdisplay = 0
2026-10-07 15:00:21.731 Df (AppleIntelICLLPGraphicsFramebuffer) [IGFB][LOG  ][DISPLAY   ] FB0 reported as online to AGDC
2026-10-07 15:00:21.731 Df (AppleIntelICLLPGraphicsFramebuffer) [IGFB][LOG  ][AGDC      ] Get link config
2026-10-07 15:00:21.731 Df (AppleIntelICLLPGraphicsFramebuffer) [IGFB][LOG  ][DISPLAY   ] AGDC FB1 fOnline = 1 bootdisplay = 1
2026-10-07 15:00:21.731 Df (AppleIntelICLLPGraphicsFramebuffer) [IGFB][LOG  ][DISPLAY   ] FB1 reported as online to AGDC
2026-10-07 15:00:21.731 Df (AppleIntelICLLPGraphicsFramebuffer) [IGFB][LOG  ][AGDC      ] Get link config
2026-10-07 15:00:21.731 Df (AppleIntelICLLPGraphicsFramebuffer) [IGFB][LOG  ][DISPLAY   ] AGDC FB2 fOnline = 0 bootdisplay = 0
2026-10-07 15:00:21.732 Df (AppleIntelICLLPGraphicsFramebuffer) [IGFB][LOG  ][AGDC      ] Port enable
2026-10-07 15:00:21.732 Df (AppleIntelICLLPGraphicsFramebuffer) [IGFB][LOG  ][DISPLAY   ] Port Enable for port index 0 with state = 1
2026-10-07 15:00:21.732 Df (AppleIntelICLLPGraphicsFramebuffer) [IGFB][LOG  ][AGDC      ] Get port caps
2026-10-07 15:00:21.732 Df (AppleIntelICLLPGraphicsFramebuffer) [IGFB][LOG  ][DISPLAY   ] Getting port caps for port 0
2026-10-07 15:00:22.376 Df (AppleIntelICLLPGraphicsFramebuffer) [IGFB][LOG  ][AGDC      ] Get port caps
2026-10-07 15:00:22.376 Df (AppleIntelICLLPGraphicsFramebuffer) [IGFB][LOG  ][DISPLAY   ] Getting port caps for port 0
2026-10-07 15:00:31.916 Df (AppleIntelICLLPGraphicsFramebuffer) [IGFB][LOG  ][AGDC      ] Get callback caps
2026-10-07 15:00:31.916 Df (AppleIntelICLLPGraphicsFramebuffer) [IGFB][LOG  ][AGDC      ] Vendor info
2026-10-07 15:00:31.916 Df (AppleIntelICLLPGraphicsFramebuffer) [IGFB][LOG  ][AGDC      ] Get GPU caps
2026-10-07 15:00:31.917 Df (AppleIntelICLLPGraphicsFramebuffer) [IGFB][LOG  ][AGDC      ] Get link config
2026-10-07 15:00:31.917 Df (AppleIntelICLLPGraphicsFramebuffer) [IGFB][LOG  ][DISPLAY   ] AGDC FB0 fOnline = 0 bootdisplay = 0
2026-10-07 15:00:31.917 Df (AppleIntelICLLPGraphicsFramebuffer) [IGFB][LOG  ][DISPLAY   ] FB0 reported as online to AGDC
2026-10-07 15:00:31.917 Df (AppleIntelICLLPGraphicsFramebuffer) [IGFB][LOG  ][AGDC      ] Get link config
2026-10-07 15:00:31.917 Df (AppleIntelICLLPGraphicsFramebuffer) [IGFB][LOG  ][DISPLAY   ] AGDC FB1 fOnline = 1 bootdisplay = 1
2026-10-07 15:00:31.917 Df (AppleIntelICLLPGraphicsFramebuffer) [IGFB][LOG  ][DISPLAY   ] FB1 reported as online to AGDC
2026-10-07 15:00:31.917 Df (AppleIntelICLLPGraphicsFramebuffer) [IGFB][LOG  ][AGDC      ] Get link config
2026-10-07 15:00:31.917 Df (AppleIntelICLLPGraphicsFramebuffer) [IGFB][LOG  ][DISPLAY   ] AGDC FB2 fOnline = 0 bootdisplay = 0
2026-10-07 15:00:31.919 Df (AppleIntelICLLPGraphicsFramebuffer) [IGFB][LOG  ][AGDC      ] Port enable
2026-10-07 15:00:31.919 Df (AppleIntelICLLPGraphicsFramebuffer) [IGFB][LOG  ][DISPLAY   ] Port Enable for port index 0 with state = 1
2026-10-07 15:00:31.919 Df (AppleIntelICLLPGraphicsFramebuffer) [IGFB][LOG  ][AGDC      ] Get port caps
2026-10-07 15:00:31.919 Df (AppleIntelICLLPGraphicsFramebuffer) [IGFB][LOG  ][DISPLAY   ] Getting port caps for port 0
2026-10-07 15:00:32.591 Df (AppleIntelICLLPGraphicsFramebuffer) [IGFB][LOG  ][AGDC      ] Get port caps
2026-10-07 15:00:32.591 Df (AppleIntelICLLPGraphicsFramebuffer) [IGFB][LOG  ][DISPLAY   ] Getting port caps for port 0
2026-10-07 15:00:42.110 Df (AppleIntelICLLPGraphicsFramebuffer) [IGFB][LOG  ][AGDC      ] Get callback caps
2026-10-07 15:00:42.110 Df (AppleIntelICLLPGraphicsFramebuffer) [IGFB][LOG  ][AGDC      ] Vendor info
2026-10-07 15:00:42.110 Df (AppleIntelICLLPGraphicsFramebuffer) [IGFB][LOG  ][AGDC      ] Get GPU caps
2026-10-07 15:00:42.111 Df (AppleIntelICLLPGraphicsFramebuffer) [IGFB][LOG  ][AGDC      ] Get link config
2026-10-07 15:00:42.111 Df (AppleIntelICLLPGraphicsFramebuffer) [IGFB][LOG  ][DISPLAY   ] AGDC FB0 fOnline = 0 bootdisplay = 0
2026-10-07 15:00:42.111 Df (AppleIntelICLLPGraphicsFramebuffer) [IGFB][LOG  ][DISPLAY   ] FB0 reported as online to AGDC
2026-10-07 15:00:42.111 Df (AppleIntelICLLPGraphicsFramebuffer) [IGFB][LOG  ][AGDC      ] Get link config
2026-10-07 15:00:42.111 Df (AppleIntelICLLPGraphicsFramebuffer) [IGFB][LOG  ][DISPLAY   ] AGDC FB1 fOnline = 1 bootdisplay = 1
2026-10-07 15:00:42.111 Df (AppleIntelICLLPGraphicsFramebuffer) [IGFB][LOG  ][DISPLAY   ] FB1 reported as online to AGDC
2026-10-07 15:00:42.111 Df (AppleIntelICLLPGraphicsFramebuffer) [IGFB][LOG  ][AGDC      ] Get link config
2026-10-07 15:00:42.111 Df (AppleIntelICLLPGraphicsFramebuffer) [IGFB][LOG  ][DISPLAY   ] AGDC FB2 fOnline = 0 bootdisplay = 0
2026-10-07 15:00:42.112 Df (AppleIntelICLLPGraphicsFramebuffer) [IGFB][LOG  ][AGDC      ] Port enable
2026-10-07 15:00:42.112 Df (AppleIntelICLLPGraphicsFramebuffer) [IGFB][LOG  ][DISPLAY   ] Port Enable for port index 0 with state = 1
2026-10-07 15:00:42.112 Df (AppleIntelICLLPGraphicsFramebuffer) [IGFB][LOG  ][AGDC      ] Get port caps
2026-10-07 15:00:42.112 Df (AppleIntelICLLPGraphicsFramebuffer) [IGFB][LOG  ][DISPLAY   ] Getting port caps for port 0
2026-10-07 15:00:42.748 Df (AppleIntelICLLPGraphicsFramebuffer) [IGFB][LOG  ][AGDC      ] Get port caps
2026-10-07 15:00:42.748 Df (AppleIntelICLLPGraphicsFramebuffer) [IGFB][LOG  ][DISPLAY   ] Getting port caps for port 0
2026-10-07 15:00:52.267 Df (AppleIntelICLLPGraphicsFramebuffer) [IGFB][LOG  ][AGDC      ] Get callback caps
2026-10-07 15:00:52.267 Df (AppleIntelICLLPGraphicsFramebuffer) [IGFB][LOG  ][AGDC      ] Vendor info
2026-10-07 15:00:52.267 Df (AppleIntelICLLPGraphicsFramebuffer) [IGFB][LOG  ][AGDC      ] Get GPU caps
2026-10-07 15:00:52.267 Df (AppleIntelICLLPGraphicsFramebuffer) [IGFB][LOG  ][AGDC      ] Get link config
2026-10-07 15:00:52.267 Df (AppleIntelICLLPGraphicsFramebuffer) [IGFB][LOG  ][DISPLAY   ] AGDC FB0 fOnline = 0 bootdisplay = 0
2026-10-07 15:00:52.267 Df (AppleIntelICLLPGraphicsFramebuffer) [IGFB][LOG  ][DISPLAY   ] FB0 reported as online to AGDC
2026-10-07 15:00:52.267 Df (AppleIntelICLLPGraphicsFramebuffer) [IGFB][LOG  ][AGDC      ] Get link config
2026-10-07 15:00:52.267 Df (AppleIntelICLLPGraphicsFramebuffer) [IGFB][LOG  ][DISPLAY   ] AGDC FB1 fOnline = 1 bootdisplay = 1
2026-10-07 15:00:52.267 Df (AppleIntelICLLPGraphicsFramebuffer) [IGFB][LOG  ][DISPLAY   ] FB1 reported as online to AGDC
2026-10-07 15:00:52.267 Df (AppleIntelICLLPGraphicsFramebuffer) [IGFB][LOG  ][AGDC      ] Get link config
2026-10-07 15:00:52.267 Df (AppleIntelICLLPGraphicsFramebuffer) [IGFB][LOG  ][DISPLAY   ] AGDC FB2 fOnline = 0 bootdisplay = 0
2026-10-07 15:00:52.268 Df (AppleIntelICLLPGraphicsFramebuffer) [IGFB][LOG  ][AGDC      ] Port enable
2026-10-07 15:00:52.268 Df (AppleIntelICLLPGraphicsFramebuffer) [IGFB][LOG  ][DISPLAY   ] Port Enable for port index 0 with state = 1
2026-10-07 15:00:52.268 Df (AppleIntelICLLPGraphicsFramebuffer) [IGFB][LOG  ][AGDC      ] Get port caps
2026-10-07 15:00:52.268 Df (AppleIntelICLLPGraphicsFramebuffer) [IGFB][LOG  ][DISPLAY   ] Getting port caps for port 0
2026-10-07 15:00:52.899 Df (AppleIntelICLLPGraphicsFramebuffer) [IGFB][LOG  ][AGDC      ] Get port caps
2026-10-07 15:00:52.899 Df (AppleIntelICLLPGraphicsFramebuffer) [IGFB][LOG  ][DISPLAY   ] Getting port caps for port 0
2026-10-07 15:01:02.406 Df (AppleIntelICLLPGraphicsFramebuffer) [IGFB][LOG  ][AGDC      ] Get callback caps
2026-10-07 15:01:02.406 Df (AppleIntelICLLPGraphicsFramebuffer) [IGFB][LOG  ][AGDC      ] Vendor info
2026-10-07 15:01:02.406 Df (AppleIntelICLLPGraphicsFramebuffer) [IGFB][LOG  ][AGDC      ] Get GPU caps
2026-10-07 15:01:02.406 Df (AppleIntelICLLPGraphicsFramebuffer) [IGFB][LOG  ][AGDC      ] Get link config
2026-10-07 15:01:02.406 Df (AppleIntelICLLPGraphicsFramebuffer) [IGFB][LOG  ][DISPLAY   ] AGDC FB0 fOnline = 0 bootdisplay = 0
2026-10-07 15:01:02.406 Df (AppleIntelICLLPGraphicsFramebuffer) [IGFB][LOG  ][DISPLAY   ] FB0 reported as online to AGDC
2026-10-07 15:01:02.406 Df (AppleIntelICLLPGraphicsFramebuffer) [IGFB][LOG  ][AGDC      ] Get link config
2026-10-07 15:01:02.406 Df (AppleIntelICLLPGraphicsFramebuffer) [IGFB][LOG  ][DISPLAY   ] AGDC FB1 fOnline = 1 bootdisplay = 1
2026-10-07 15:01:02.406 Df (AppleIntelICLLPGraphicsFramebuffer) [IGFB][LOG  ][DISPLAY   ] FB1 reported as online to AGDC
2026-10-07 15:01:02.406 Df (AppleIntelICLLPGraphicsFramebuffer) [IGFB][LOG  ][AGDC      ] Get link config
2026-10-07 15:01:02.406 Df (AppleIntelICLLPGraphicsFramebuffer) [IGFB][LOG  ][DISPLAY   ] AGDC FB2 fOnline = 0 bootdisplay = 0
2026-10-07 15:01:02.407 Df (AppleIntelICLLPGraphicsFramebuffer) [IGFB][LOG  ][AGDC      ] Port enable
2026-10-07 15:01:02.407 Df (AppleIntelICLLPGraphicsFramebuffer) [IGFB][LOG  ][DISPLAY   ] Port Enable for port index 0 with state = 1
2026-10-07 15:01:02.407 Df (AppleIntelICLLPGraphicsFramebuffer) [IGFB][LOG  ][AGDC      ] Get port caps
2026-10-07 15:01:02.407 Df (AppleIntelICLLPGraphicsFramebuffer) [IGFB][LOG  ][DISPLAY   ] Getting port caps for port 0
2026-10-07 15:01:03.024 Df (AppleIntelICLLPGraphicsFramebuffer) [IGFB][LOG  ][AGDC      ] Get port caps
2026-10-07 15:01:03.024 Df (AppleIntelICLLPGraphicsFramebuffer) [IGFB][LOG  ][DISPLAY   ] Getting port caps for port 0
2026-10-07 15:01:12.528 Df (AppleIntelICLLPGraphicsFramebuffer) [IGFB][LOG  ][AGDC      ] Get callback caps
2026-10-07 15:01:12.528 Df (AppleIntelICLLPGraphicsFramebuffer) [IGFB][LOG  ][AGDC      ] Vendor info
2026-10-07 15:01:12.528 Df (AppleIntelICLLPGraphicsFramebuffer) [IGFB][LOG  ][AGDC      ] Get GPU caps
2026-10-07 15:01:12.528 Df (AppleIntelICLLPGraphicsFramebuffer) [IGFB][LOG  ][AGDC      ] Get link config
2026-10-07 15:01:12.528 Df (AppleIntelICLLPGraphicsFramebuffer) [IGFB][LOG  ][DISPLAY   ] AGDC FB0 fOnline = 0 bootdisplay = 0
2026-10-07 15:01:12.528 Df (AppleIntelICLLPGraphicsFramebuffer) [IGFB][LOG  ][DISPLAY   ] FB0 reported as online to AGDC
2026-10-07 15:01:12.528 Df (AppleIntelICLLPGraphicsFramebuffer) [IGFB][LOG  ][AGDC      ] Get link config
2026-10-07 15:01:12.528 Df (AppleIntelICLLPGraphicsFramebuffer) [IGFB][LOG  ][DISPLAY   ] AGDC FB1 fOnline = 1 bootdisplay = 1
2026-10-07 15:01:12.528 Df (AppleIntelICLLPGraphicsFramebuffer) [IGFB][LOG  ][DISPLAY   ] FB1 reported as online to AGDC
2026-10-07 15:01:12.528 Df (AppleIntelICLLPGraphicsFramebuffer) [IGFB][LOG  ][AGDC      ] Get link config
2026-10-07 15:01:12.528 Df (AppleIntelICLLPGraphicsFramebuffer) [IGFB][LOG  ][DISPLAY   ] AGDC FB2 fOnline = 0 bootdisplay = 0
2026-10-07 15:01:12.529 Df (AppleIntelICLLPGraphicsFramebuffer) [IGFB][LOG  ][AGDC      ] Port enable
2026-10-07 15:01:12.529 Df (AppleIntelICLLPGraphicsFramebuffer) [IGFB][LOG  ][DISPLAY   ] Port Enable for port index 0 with state = 1
2026-10-07 15:01:12.529 Df (AppleIntelICLLPGraphicsFramebuffer) [IGFB][LOG  ][AGDC      ] Get port caps
2026-10-07 15:01:12.529 Df (AppleIntelICLLPGraphicsFramebuffer) [IGFB][LOG  ][DISPLAY   ] Getting port caps for port 0
2026-10-07 15:01:13.169 Df (AppleIntelICLLPGraphicsFramebuffer) [IGFB][LOG  ][AGDC      ] Get port caps
2026-10-07 15:01:13.169 Df (AppleIntelICLLPGraphicsFramebuffer) [IGFB][LOG  ][DISPLAY   ] Getting port caps for port 0
2026-10-07 15:01:22.666 Df (AppleIntelICLLPGraphicsFramebuffer) [IGFB][LOG  ][AGDC      ] Get callback caps
2026-10-07 15:01:22.666 Df (AppleIntelICLLPGraphicsFramebuffer) [IGFB][LOG  ][AGDC      ] Vendor info
2026-10-07 15:01:22.666 Df (AppleIntelICLLPGraphicsFramebuffer) [IGFB][LOG  ][AGDC      ] Get GPU caps
2026-10-07 15:01:22.666 Df (AppleIntelICLLPGraphicsFramebuffer) [IGFB][LOG  ][AGDC      ] Get link config
2026-10-07 15:01:22.666 Df (AppleIntelICLLPGraphicsFramebuffer) [IGFB][LOG  ][DISPLAY   ] AGDC FB0 fOnline = 0 bootdisplay = 0
2026-10-07 15:01:22.666 Df (AppleIntelICLLPGraphicsFramebuffer) [IGFB][LOG  ][DISPLAY   ] FB0 reported as online to AGDC
2026-10-07 15:01:22.666 Df (AppleIntelICLLPGraphicsFramebuffer) [IGFB][LOG  ][AGDC      ] Get link config
2026-10-07 15:01:22.666 Df (AppleIntelICLLPGraphicsFramebuffer) [IGFB][LOG  ][DISPLAY   ] AGDC FB1 fOnline = 1 bootdisplay = 1
2026-10-07 15:01:22.666 Df (AppleIntelICLLPGraphicsFramebuffer) [IGFB][LOG  ][DISPLAY   ] FB1 reported as online to AGDC
2026-10-07 15:01:22.666 Df (AppleIntelICLLPGraphicsFramebuffer) [IGFB][LOG  ][AGDC      ] Get link config
2026-10-07 15:01:22.666 Df (AppleIntelICLLPGraphicsFramebuffer) [IGFB][LOG  ][DISPLAY   ] AGDC FB2 fOnline = 0 bootdisplay = 0
2026-10-07 15:01:22.668 Df (AppleIntelICLLPGraphicsFramebuffer) [IGFB][LOG  ][AGDC      ] Port enable
2026-10-07 15:01:22.668 Df (AppleIntelICLLPGraphicsFramebuffer) [IGFB][LOG  ][DISPLAY   ] Port Enable for port index 0 with state = 1
2026-10-07 15:01:22.668 Df (AppleIntelICLLPGraphicsFramebuffer) [IGFB][LOG  ][AGDC      ] Get port caps
2026-10-07 15:01:22.668 Df (AppleIntelICLLPGraphicsFramebuffer) [IGFB][LOG  ][DISPLAY   ] Getting port caps for port 0
2026-10-07 15:01:23.293 Df (AppleIntelICLLPGraphicsFramebuffer) [IGFB][LOG  ][AGDC      ] Get port caps
2026-10-07 15:01:23.293 Df (AppleIntelICLLPGraphicsFramebuffer) [IGFB][LOG  ][DISPLAY   ] Getting port caps for port 0
2026-10-07 15:01:32.811 Df (AppleIntelICLLPGraphicsFramebuffer) [IGFB][LOG  ][AGDC      ] Get callback caps
2026-10-07 15:01:32.811 Df (AppleIntelICLLPGraphicsFramebuffer) [IGFB][LOG  ][AGDC      ] Vendor info
2026-10-07 15:01:32.811 Df (AppleIntelICLLPGraphicsFramebuffer) [IGFB][LOG  ][AGDC      ] Get GPU caps
2026-10-07 15:01:32.811 Df (AppleIntelICLLPGraphicsFramebuffer) [IGFB][LOG  ][AGDC      ] Get link config
2026-10-07 15:01:32.811 Df (AppleIntelICLLPGraphicsFramebuffer) [IGFB][LOG  ][DISPLAY   ] AGDC FB0 fOnline = 0 bootdisplay = 0
2026-10-07 15:01:32.811 Df (AppleIntelICLLPGraphicsFramebuffer) [IGFB][LOG  ][DISPLAY   ] FB0 reported as online to AGDC
2026-10-07 15:01:32.811 Df (AppleIntelICLLPGraphicsFramebuffer) [IGFB][LOG  ][AGDC      ] Get link config
2026-10-07 15:01:32.811 Df (AppleIntelICLLPGraphicsFramebuffer) [IGFB][LOG  ][DISPLAY   ] AGDC FB1 fOnline = 1 bootdisplay = 1
2026-10-07 15:01:32.811 Df (AppleIntelICLLPGraphicsFramebuffer) [IGFB][LOG  ][DISPLAY   ] FB1 reported as online to AGDC
2026-10-07 15:01:32.811 Df (AppleIntelICLLPGraphicsFramebuffer) [IGFB][LOG  ][AGDC      ] Get link config
2026-10-07 15:01:32.811 Df (AppleIntelICLLPGraphicsFramebuffer) [IGFB][LOG  ][DISPLAY   ] AGDC FB2 fOnline = 0 bootdisplay = 0
2026-10-07 15:01:32.812 Df (AppleIntelICLLPGraphicsFramebuffer) [IGFB][LOG  ][AGDC      ] Port enable
2026-10-07 15:01:32.812 Df (AppleIntelICLLPGraphicsFramebuffer) [IGFB][LOG  ][DISPLAY   ] Port Enable for port index 0 with state = 1
2026-10-07 15:01:32.812 Df (AppleIntelICLLPGraphicsFramebuffer) [IGFB][LOG  ][AGDC      ] Get port caps
2026-10-07 15:01:32.812 Df (AppleIntelICLLPGraphicsFramebuffer) [IGFB][LOG  ][DISPLAY   ] Getting port caps for port 0
2026-10-07 15:01:33.433 Df (AppleIntelICLLPGraphicsFramebuffer) [IGFB][LOG  ][AGDC      ] Get port caps
2026-10-07 15:01:33.433 Df (AppleIntelICLLPGraphicsFramebuffer) [IGFB][LOG  ][DISPLAY   ] Getting port caps for port 0
2026-10-07 15:01:42.958 Df (AppleIntelICLLPGraphicsFramebuffer) [IGFB][LOG  ][AGDC      ] Get callback caps
2026-10-07 15:01:42.958 Df (AppleIntelICLLPGraphicsFramebuffer) [IGFB][LOG  ][AGDC      ] Vendor info
2026-10-07 15:01:42.958 Df (AppleIntelICLLPGraphicsFramebuffer) [IGFB][LOG  ][AGDC      ] Get GPU caps
2026-10-07 15:01:42.959 Df (AppleIntelICLLPGraphicsFramebuffer) [IGFB][LOG  ][AGDC      ] Get link config
2026-10-07 15:01:42.959 Df (AppleIntelICLLPGraphicsFramebuffer) [IGFB][LOG  ][DISPLAY   ] AGDC FB0 fOnline = 0 bootdisplay = 0
2026-10-07 15:01:42.959 Df (AppleIntelICLLPGraphicsFramebuffer) [IGFB][LOG  ][DISPLAY   ] FB0 reported as online to AGDC
2026-10-07 15:01:42.959 Df (AppleIntelICLLPGraphicsFramebuffer) [IGFB][LOG  ][AGDC      ] Get link config
2026-10-07 15:01:42.959 Df (AppleIntelICLLPGraphicsFramebuffer) [IGFB][LOG  ][DISPLAY   ] AGDC FB1 fOnline = 1 bootdisplay = 1
2026-10-07 15:01:42.959 Df (AppleIntelICLLPGraphicsFramebuffer) [IGFB][LOG  ][DISPLAY   ] FB1 reported as online to AGDC
2026-10-07 15:01:42.959 Df (AppleIntelICLLPGraphicsFramebuffer) [IGFB][LOG  ][AGDC      ] Get link config
2026-10-07 15:01:42.959 Df (AppleIntelICLLPGraphicsFramebuffer) [IGFB][LOG  ][DISPLAY   ] AGDC FB2 fOnline = 0 bootdisplay = 0
2026-10-07 15:01:42.960 Df (AppleIntelICLLPGraphicsFramebuffer) [IGFB][LOG  ][AGDC      ] Port enable
2026-10-07 15:01:42.960 Df (AppleIntelICLLPGraphicsFramebuffer) [IGFB][LOG  ][DISPLAY   ] Port Enable for port index 0 with state = 1
2026-10-07 15:01:42.960 Df (AppleIntelICLLPGraphicsFramebuffer) [IGFB][LOG  ][AGDC      ] Get port caps
2026-10-07 15:01:42.960 Df (AppleIntelICLLPGraphicsFramebuffer) [IGFB][LOG  ][DISPLAY   ] Getting port caps for port 0
2026-10-07 15:01:43.649 Df (AppleIntelICLLPGraphicsFramebuffer) [IGFB][LOG  ][AGDC      ] Get port caps
2026-10-07 15:01:43.649 Df (AppleIntelICLLPGraphicsFramebuffer) [IGFB][LOG  ][DISPLAY   ] Getting port caps for port 0
2026-10-07 15:01:53.165 Df (AppleIntelICLLPGraphicsFramebuffer) [IGFB][LOG  ][AGDC      ] Get callback caps
2026-10-07 15:01:53.165 Df (AppleIntelICLLPGraphicsFramebuffer) [IGFB][LOG  ][AGDC      ] Vendor info
2026-10-07 15:01:53.165 Df (AppleIntelICLLPGraphicsFramebuffer) [IGFB][LOG  ][AGDC      ] Get GPU caps
2026-10-07 15:01:53.166 Df (AppleIntelICLLPGraphicsFramebuffer) [IGFB][LOG  ][AGDC      ] Get link config
2026-10-07 15:01:53.166 Df (AppleIntelICLLPGraphicsFramebuffer) [IGFB][LOG  ][DISPLAY   ] AGDC FB0 fOnline = 0 bootdisplay = 0
2026-10-07 15:01:53.166 Df (AppleIntelICLLPGraphicsFramebuffer) [IGFB][LOG  ][DISPLAY   ] FB0 reported as online to AGDC
2026-10-07 15:01:53.166 Df (AppleIntelICLLPGraphicsFramebuffer) [IGFB][LOG  ][AGDC      ] Get link config
2026-10-07 15:01:53.166 Df (AppleIntelICLLPGraphicsFramebuffer) [IGFB][LOG  ][DISPLAY   ] AGDC FB1 fOnline = 1 bootdisplay = 1
2026-10-07 15:01:53.166 Df (AppleIntelICLLPGraphicsFramebuffer) [IGFB][LOG  ][DISPLAY   ] FB1 reported as online to AGDC
2026-10-07 15:01:53.166 Df (AppleIntelICLLPGraphicsFramebuffer) [IGFB][LOG  ][AGDC      ] Get link config
2026-10-07 15:01:53.166 Df (AppleIntelICLLPGraphicsFramebuffer) [IGFB][LOG  ][DISPLAY   ] AGDC FB2 fOnline = 0 bootdisplay = 0
2026-10-07 15:01:53.167 Df (AppleIntelICLLPGraphicsFramebuffer) [IGFB][LOG  ][AGDC      ] Port enable
2026-10-07 15:01:53.167 Df (AppleIntelICLLPGraphicsFramebuffer) [IGFB][LOG  ][DISPLAY   ] Port Enable for port index 0 with state = 1
2026-10-07 15:01:53.167 Df (AppleIntelICLLPGraphicsFramebuffer) [IGFB][LOG  ][AGDC      ] Get port caps
2026-10-07 15:01:53.167 Df (AppleIntelICLLPGraphicsFramebuffer) [IGFB][LOG  ][DISPLAY   ] Getting port caps for port 0
2026-10-07 15:01:53.839 Df (AppleIntelICLLPGraphicsFramebuffer) [IGFB][LOG  ][AGDC      ] Get port caps
2026-10-07 15:01:53.839 Df (AppleIntelICLLPGraphicsFramebuffer) [IGFB][LOG  ][DISPLAY   ] Getting port caps for port 0
2026-10-07 15:01:56.372 Df (AppleIntelICLLPGraphicsFramebuffer) [IGFB][LOG  ][TRANSACTION] [Gamma_Transaction] FB1: Setting gamma ramp of 1024 points as below with transaction state 0
2026-10-07 15:01:56.372 Df (AppleIntelICLLPGraphicsFramebuffer) [IGFB][LOG  ][TRANSACTION] [Gamma_Transaction] Red Channel : 0 ... 341 ... 682 ... 1023
2026-10-07 15:01:56.372 Df (AppleIntelICLLPGraphicsFramebuffer) [IGFB][LOG  ][TRANSACTION] [Gamma_Transaction] Green Channel : 0 ... 341 ... 682 ... 1023
2026-10-07 15:01:56.372 Df (AppleIntelICLLPGraphicsFramebuffer) [IGFB][LOG  ][TRANSACTION] [Gamma_Transaction] Blue Channel : 0 ... 341 ... 682 ... 1023
2026-10-07 15:01:56.405 Df (AppleIntelICLLPGraphicsFramebuffer) [IGFB][LOG  ][TRANSACTION] [Gamma_Transaction] FB1: Setting gamma ramp of 1024 points as below with transaction state 0
2026-10-07 15:01:56.405 Df (AppleIntelICLLPGraphicsFramebuffer) [IGFB][LOG  ][TRANSACTION] [Gamma_Transaction] Red Channel : 0 ... 341 ... 682 ... 1023
2026-10-07 15:01:56.405 Df (AppleIntelICLLPGraphicsFramebuffer) [IGFB][LOG  ][TRANSACTION] [Gamma_Transaction] Green Channel : 0 ... 341 ... 682 ... 1023
2026-10-07 15:01:56.405 Df (AppleIntelICLLPGraphicsFramebuffer) [IGFB][LOG  ][TRANSACTION] [Gamma_Transaction] Blue Channel : 0 ... 341 ... 682 ... 1023
2026-10-07 15:01:57.206 Df (AppleIntelICLLPGraphicsFramebuffer) [IGFB][LOG  ][TRANSACTION] [Gamma_Transaction] FB1: Setting gamma ramp of 1024 points as below with transaction state 0
2026-10-07 15:01:57.206 Df (AppleIntelICLLPGraphicsFramebuffer) [IGFB][LOG  ][TRANSACTION] [Gamma_Transaction] Red Channel : 0 ... 341 ... 682 ... 1023
2026-10-07 15:01:57.206 Df (AppleIntelICLLPGraphicsFramebuffer) [IGFB][LOG  ][TRANSACTION] [Gamma_Transaction] Green Channel : 0 ... 341 ... 682 ... 1023
2026-10-07 15:01:57.206 Df (AppleIntelICLLPGraphicsFramebuffer) [IGFB][LOG  ][TRANSACTION] [Gamma_Transaction] Blue Channel : 0 ... 341 ... 682 ... 1023
2026-10-07 15:01:58.206 Df (AppleIntelICLLPGraphicsFramebuffer) [IGFB][LOG  ][TRANSACTION] [Gamma_Transaction] FB1: Setting gamma ramp of 1024 points as below with transaction state 0
2026-10-07 15:01:58.206 Df (AppleIntelICLLPGraphicsFramebuffer) [IGFB][LOG  ][TRANSACTION] [Gamma_Transaction] Red Channel : 0 ... 341 ... 682 ... 1023
2026-10-07 15:01:58.207 Df (AppleIntelICLLPGraphicsFramebuffer) [IGFB][LOG  ][TRANSACTION] [Gamma_Transaction] Green Channel : 0 ... 341 ... 682 ... 1023
2026-10-07 15:01:58.207 Df (AppleIntelICLLPGraphicsFramebuffer) [IGFB][LOG  ][TRANSACTION] [Gamma_Transaction] Blue Channel : 0 ... 341 ... 682 ... 1023
2026-10-07 15:02:13.360 Df (AppleIntelICLLPGraphicsFramebuffer) [IGFB][LOG  ][AGDC      ] Get callback caps
2026-10-07 15:02:13.360 Df (AppleIntelICLLPGraphicsFramebuffer) [IGFB][LOG  ][AGDC      ] Vendor info
2026-10-07 15:02:13.360 Df (AppleIntelICLLPGraphicsFramebuffer) [IGFB][LOG  ][AGDC      ] Get GPU caps
2026-10-07 15:02:13.361 Df (AppleIntelICLLPGraphicsFramebuffer) [IGFB][LOG  ][AGDC      ] Get link config
2026-10-07 15:02:13.361 Df (AppleIntelICLLPGraphicsFramebuffer) [IGFB][LOG  ][DISPLAY   ] AGDC FB0 fOnline = 0 bootdisplay = 0
2026-10-07 15:02:13.361 Df (AppleIntelICLLPGraphicsFramebuffer) [IGFB][LOG  ][DISPLAY   ] FB0 reported as online to AGDC
2026-10-07 15:02:13.361 Df (AppleIntelICLLPGraphicsFramebuffer) [IGFB][LOG  ][AGDC      ] Get link config
2026-10-07 15:02:13.361 Df (AppleIntelICLLPGraphicsFramebuffer) [IGFB][LOG  ][DISPLAY   ] AGDC FB1 fOnline = 1 bootdisplay = 1
2026-10-07 15:02:13.361 Df (AppleIntelICLLPGraphicsFramebuffer) [IGFB][LOG  ][DISPLAY   ] FB1 reported as online to AGDC
2026-10-07 15:02:13.361 Df (AppleIntelICLLPGraphicsFramebuffer) [IGFB][LOG  ][AGDC      ] Get link config
2026-10-07 15:02:13.361 Df (AppleIntelICLLPGraphicsFramebuffer) [IGFB][LOG  ][DISPLAY   ] AGDC FB2 fOnline = 0 bootdisplay = 0
2026-10-07 15:02:13.362 Df (AppleIntelICLLPGraphicsFramebuffer) [IGFB][LOG  ][AGDC      ] Port enable
2026-10-07 15:02:13.362 Df (AppleIntelICLLPGraphicsFramebuffer) [IGFB][LOG  ][DISPLAY   ] Port Enable for port index 0 with state = 1
2026-10-07 15:02:13.362 Df (AppleIntelICLLPGraphicsFramebuffer) [IGFB][LOG  ][AGDC      ] Get port caps
2026-10-07 15:02:13.362 Df (AppleIntelICLLPGraphicsFramebuffer) [IGFB][LOG  ][DISPLAY   ] Getting port caps for port 0
2026-10-07 15:02:14.027 Df (AppleIntelICLLPGraphicsFramebuffer) [IGFB][LOG  ][AGDC      ] Get port caps
2026-10-07 15:02:14.027 Df (AppleIntelICLLPGraphicsFramebuffer) [IGFB][LOG  ][DISPLAY   ] Getting port caps for port 0
2026-10-07 15:02:53.954 Df (AppleIntelICLLPGraphicsFramebuffer) [IGFB][LOG  ][AGDC      ] Get callback caps
2026-10-07 15:02:53.954 Df (AppleIntelICLLPGraphicsFramebuffer) [IGFB][LOG  ][AGDC      ] Vendor info
2026-10-07 15:02:53.954 Df (AppleIntelICLLPGraphicsFramebuffer) [IGFB][LOG  ][AGDC      ] Get GPU caps
2026-10-07 15:02:53.955 Df (AppleIntelICLLPGraphicsFramebuffer) [IGFB][LOG  ][AGDC      ] Get link config
2026-10-07 15:02:53.955 Df (AppleIntelICLLPGraphicsFramebuffer) [IGFB][LOG  ][DISPLAY   ] AGDC FB0 fOnline = 0 bootdisplay = 0
2026-10-07 15:02:53.955 Df (AppleIntelICLLPGraphicsFramebuffer) [IGFB][LOG  ][DISPLAY   ] FB0 reported as online to AGDC
2026-10-07 15:02:53.955 Df (AppleIntelICLLPGraphicsFramebuffer) [IGFB][LOG  ][AGDC      ] Get link config
2026-10-07 15:02:53.955 Df (AppleIntelICLLPGraphicsFramebuffer) [IGFB][LOG  ][DISPLAY   ] AGDC FB1 fOnline = 1 bootdisplay = 1
2026-10-07 15:02:53.955 Df (AppleIntelICLLPGraphicsFramebuffer) [IGFB][LOG  ][DISPLAY   ] FB1 reported as online to AGDC
2026-10-07 15:02:53.955 Df (AppleIntelICLLPGraphicsFramebuffer) [IGFB][LOG  ][AGDC      ] Get link config
2026-10-07 15:02:53.955 Df (AppleIntelICLLPGraphicsFramebuffer) [IGFB][LOG  ][DISPLAY   ] AGDC FB2 fOnline = 0 bootdisplay = 0
2026-10-07 15:02:53.955 Df (AppleIntelICLLPGraphicsFramebuffer) [IGFB][LOG  ][AGDC      ] Port enable
2026-10-07 15:02:53.955 Df (AppleIntelICLLPGraphicsFramebuffer) [IGFB][LOG  ][DISPLAY   ] Port Enable for port index 0 with state = 1
2026-10-07 15:02:53.955 Df (AppleIntelICLLPGraphicsFramebuffer) [IGFB][LOG  ][AGDC      ] Get port caps
2026-10-07 15:02:53.955 Df (AppleIntelICLLPGraphicsFramebuffer) [IGFB][LOG  ][DISPLAY   ] Getting port caps for port 0
2026-10-07 15:02:54.641 Df (AppleIntelICLLPGraphicsFramebuffer) [IGFB][LOG  ][AGDC      ] Get port caps
2026-10-07 15:02:54.641 Df (AppleIntelICLLPGraphicsFramebuffer) [IGFB][LOG  ][DISPLAY   ] Getting port caps for port 0
